fileName,attr0,attr1,attr2,attr3,attr4,attr5,attr6,attr7,attr8,attr9,attr10,attr11,attr12,attr13,attr14,attr15,attr16,attr17,attr18,attr19,attr20,attr21,attr22,attr23,attr24,attr25,attr26,attr27,attr28,attr29,attr30,attr31,attr32,attr33,attr34,attr35,attr36,attr37,attr38,attr39,attr40,attr41,attr42,attr43,attr44,attr45,attr46,attr47,attr48,attr49,attr50,attr51,attr52,attr53,attr54,attr55,attr56,attr57,attr58,attr59,attr60,attr61,attr62,attr63,attr64,attr65,attr66,attr67,attr68,attr69,attr70,attr71,attr72,attr73,attr74,attr75,attr76,attr77,attr78,attr79,attr80,attr81,attr82,attr83,attr84,attr85,attr86,attr87,attr88,attr89,attr90,attr91,attr92,attr93,attr94,attr95,attr96,attr97,attr98,attr99,attr100,attr101,attr102,attr103,attr104,attr105,attr106,attr107,attr108,attr109,attr110,attr111,attr112,attr113,attr114,attr115,attr116,attr117,attr118,attr119,attr120,attr121,attr122,attr123,attr124,attr125,attr126
20101029-R05-73XX.csv,0,703,670,940,677,801,131,952,405,64,4,677,789,588,131,597,817,133,1161,576,572,571,360,405,64,746,968,767,576,133,597,576,21,193,683,562,598,704,87,927,78,64,64,13,12,12,13,516,536,586,590,594,581,601,615,572,588,670,580,693,753,576,771,767,521,753,519,747,888,360,886,442,875,360,868,383,777,817,0,0,4,21,944,23,952,28,940,193,801,130,789,130,812,382,387,610,597,132,838,132,842,132,844,131,844,405,132,826,399,133,826,399,133,840,133,619,1008,584,1072,584,1224,584,1238,584,1216,584,1208
20101119-R05-72XX.csv,703,0,661,931,668,792,610,943,392,709,703,668,780,579,610,588,808,610,1152,663,563,662,353,392,709,737,959,758,585,610,588,663,702,520,674,555,589,1,712,918,707,709,709,710,711,711,710,507,527,577,581,585,572,592,606,563,579,661,589,684,744,585,762,758,574,744,572,738,879,353,877,443,866,353,859,404,768,808,703,703,703,702,935,700,943,695,931,520,792,609,780,611,803,373,378,597,588,611,829,611,833,611,835,610,835,392,609,817,386,610,817,386,610,831,610,728,999,687,1063,685,1215,685,1229,685,1207,685,1199
20101119-R05-73XX.csv,670,661,0,864,613,729,577,876,357,676,670,613,717,438,577,533,677,577,1077,628,432,627,310,357,676,480,876,381,550,577,533,628,669,485,619,520,536,662,679,847,674,676,676,677,678,678,677,390,410,448,452,452,441,461,471,432,438,0,554,103,371,550,377,381,539,423,537,479,620,316,704,408,693,310,686,361,651,677,670,670,670,669,868,667,876,662,864,485,729,576,717,578,740,320,325,568,533,578,766,578,770,578,772,577,772,357,576,754,351,577,754,351,577,764,577,693,916,652,988,650,1140,650,1154,650,1132,650,1124
20101209-R05-72XX.csv,940,931,864,0,873,673,847,32,627,946,940,873,685,750,847,707,1015,847,1359,898,746,897,580,627,946,940,1120,961,820,847,707,898,939,755,879,790,806,932,949,817,944,946,946,947,948,948,947,702,698,736,732,740,739,751,769,746,750,864,824,883,951,820,969,961,809,951,807,941,1078,586,1088,678,1077,580,1070,631,983,1015,940,940,940,939,32,937,32,932,0,755,673,846,685,848,784,590,595,838,707,848,810,848,810,848,812,847,812,627,846,802,621,847,802,621,847,816,847,963,1160,922,1270,920,1422,920,1436,920,1414,920,1406
20101210-R05-72XX.csv,677,668,613,873,0,744,584,885,364,683,677,0,732,531,584,540,760,584,1104,635,515,634,317,364,683,689,763,710,557,584,540,635,676,492,6,527,543,669,686,852,681,683,683,684,685,685,684,459,479,529,533,537,524,544,558,515,531,613,561,636,696,557,714,710,546,696,544,690,831,323,829,415,818,317,811,368,720,760,677,677,677,676,877,674,885,669,873,492,744,583,732,585,755,295,332,575,540,585,781,585,785,585,787,584,787,364,583,769,358,584,769,358,584,783,584,700,797,659,1015,657,1167,657,1181,657,1159,657,1151
20101210-R05-73XX.csv,801,792,729,673,744,0,708,685,488,807,801,744,12,607,708,256,820,708,1208,759,603,758,441,488,807,801,1023,822,681,708,256,759,800,616,750,651,667,793,810,870,805,807,807,808,809,809,808,579,575,621,617,613,596,584,630,603,607,729,685,748,812,681,830,822,670,812,668,802,939,447,949,539,938,441,931,492,844,820,801,801,801,800,677,798,685,793,673,616,0,707,12,709,151,451,456,699,256,709,165,709,169,709,171,708,171,488,707,173,482,708,173,482,708,573,708,824,1063,783,1115,781,1267,781,1281,781,1259,781,1251
20101211-R05-72XX.csv,131,610,577,847,584,708,0,859,312,189,131,584,696,495,0,504,724,22,1068,483,479,478,267,312,189,653,875,674,483,22,504,483,130,94,590,469,505,611,192,834,187,189,189,138,139,139,138,423,443,493,497,501,488,508,522,479,495,577,487,600,660,483,678,674,428,660,426,654,795,267,793,349,782,267,775,290,684,724,131,131,131,130,851,128,859,125,847,94,708,23,696,23,719,289,294,517,504,17,745,17,749,17,751,0,751,312,21,733,306,22,733,306,22,747,22,526,915,491,979,491,1131,491,1145,491,1123,491,1115
20101211-R05-73XX.csv,952,943,876,32,885,685,859,0,639,958,952,885,697,762,859,719,1027,859,1379,910,758,909,592,639,958,948,1132,973,832,859,719,910,951,767,891,802,818,944,961,821,956,958,958,959,960,960,959,714,706,748,744,752,751,763,781,758,762,876,836,895,963,832,981,973,821,963,819,949,1090,598,1100,690,1089,592,1082,643,995,1027,952,952,952,951,8,949,0,944,32,767,685,858,697,860,796,602,607,850,719,860,818,860,818,860,820,859,820,639,858,814,633,859,814,633,859,824,859,975,1172,934,1290,932,1442,932,1456,932,1434,932,1426
20101212-R05-72XX.csv,405,392,357,627,364,488,312,639,0,411,405,364,476,275,312,284,504,312,848,363,259,362,53,0,411,433,655,454,285,312,284,363,404,222,370,257,285,393,414,614,409,411,411,412,413,413,412,203,223,273,277,281,268,288,302,259,275,357,289,380,440,285,458,454,274,440,272,434,575,53,573,143,562,53,555,104,464,504,405,405,405,404,631,402,639,397,627,222,488,311,476,313,499,69,74,211,284,313,525,313,529,313,531,312,531,0,311,513,6,312,513,6,312,527,312,428,695,387,759,385,911,385,925,385,903,385,895
20101212-R05-73XX.csv,64,709,676,946,683,807,189,958,411,0,68,683,795,594,189,603,823,189,1167,582,578,577,366,411,0,752,974,773,582,189,603,582,79,249,689,568,604,710,81,933,64,0,0,51,52,52,51,522,542,592,596,600,587,607,621,578,594,676,586,699,759,582,777,773,527,759,525,753,894,366,892,448,881,366,874,389,783,823,64,64,68,79,950,81,958,84,946,249,807,186,795,188,818,388,393,616,603,190,844,190,848,190,850,189,850,411,188,832,405,189,832,405,189,846,189,627,1014,592,1078,590,1230,590,1244,590,1222,590,1214
20101213-R05-72XX.csv,4,703,670,940,677,801,131,952,405,68,0,677,789,588,131,597,817,133,1161,576,572,571,360,405,68,746,968,767,576,133,597,576,17,193,683,562,598,704,87,927,82,68,68,17,16,16,17,516,536,586,590,594,581,601,615,572,588,670,580,693,753,576,771,767,521,753,519,747,888,360,886,442,875,360,868,383,777,817,4,4,0,17,944,19,952,24,940,193,801,130,789,130,812,382,387,610,597,132,838,132,842,132,844,131,844,405,132,826,399,133,826,399,133,840,133,619,1008,584,1072,584,1224,584,1238,584,1216,584,1208
20101214-R05-73XX.csv,677,668,613,873,0,744,584,885,364,683,677,0,732,531,584,540,760,584,1104,635,515,634,317,364,683,689,763,710,557,584,540,635,676,492,6,527,543,669,686,852,681,683,683,684,685,685,684,459,479,529,533,537,524,544,558,515,531,613,561,636,696,557,714,710,546,696,544,690,831,323,829,415,818,317,811,368,720,760,677,677,677,676,877,674,885,669,873,492,744,583,732,585,755,295,332,575,540,585,781,585,785,585,787,584,787,364,583,769,358,584,769,358,584,783,584,700,797,659,1015,657,1167,657,1181,657,1159,657,1151
20101220-R05-72XX.csv,789,780,717,685,732,12,696,697,476,795,789,732,0,595,696,244,808,696,1196,747,591,746,429,476,795,789,1011,810,669,696,244,747,788,604,738,639,655,781,798,858,793,795,795,796,797,797,796,567,563,609,605,601,584,572,618,591,595,717,673,736,800,669,818,810,658,800,656,790,927,435,937,527,926,429,919,480,832,808,789,789,789,788,689,786,697,781,685,604,12,695,0,697,139,439,444,687,244,697,153,697,157,697,159,696,159,476,695,161,470,696,161,470,696,561,696,812,1051,771,1103,769,1255,769,1269,769,1247,769,1239
20101220-R05-73XX.csv,588,579,438,750,531,607,495,762,275,594,588,531,595,0,495,447,655,495,1007,546,90,545,228,275,594,532,818,551,468,495,447,546,587,403,537,438,454,580,597,757,592,594,594,595,596,596,595,220,224,188,192,196,161,173,171,90,0,438,472,457,541,468,555,551,457,541,455,531,672,234,688,326,677,228,670,279,615,655,588,588,588,587,754,585,762,580,750,403,607,494,595,496,610,238,243,486,447,496,632,496,636,496,638,495,638,275,494,600,269,495,600,269,495,616,495,611,858,570,918,568,1070,568,1084,568,1062,568,1054
20101221-R05-72XX.csv,131,610,577,847,584,708,0,859,312,189,131,584,696,495,0,504,724,22,1068,483,479,478,267,312,189,653,875,674,483,22,504,483,130,94,590,469,505,611,192,834,187,189,189,138,139,139,138,423,443,493,497,501,488,508,522,479,495,577,487,600,660,483,678,674,428,660,426,654,795,267,793,349,782,267,775,290,684,724,131,131,131,130,851,128,859,125,847,94,708,23,696,23,719,289,294,517,504,17,745,17,749,17,751,0,751,312,21,733,306,22,733,306,22,747,22,526,915,491,979,491,1131,491,1145,491,1123,491,1115
20101221-R05-73XX.csv,597,588,533,707,540,256,504,719,284,603,597,540,244,447,504,0,668,504,1016,555,431,554,237,284,603,609,827,630,477,504,0,555,596,412,546,447,463,589,606,720,601,603,603,604,605,605,604,379,395,449,449,449,436,444,458,431,447,533,481,556,616,477,634,630,466,616,464,610,751,243,749,335,738,237,731,288,640,668,597,597,597,596,711,594,719,589,707,412,256,503,244,505,215,247,252,495,0,505,241,505,245,505,247,504,247,284,503,233,278,504,233,278,504,529,504,620,867,579,927,577,1079,577,1093,577,1071,577,1063
20101222-R02-79XX.csv,817,808,677,1015,760,820,724,1027,504,823,817,760,808,655,724,668,0,724,1188,775,639,774,457,504,823,805,1019,830,697,724,668,775,816,632,766,667,679,809,826,1010,821,823,823,824,825,825,824,595,615,661,669,673,644,660,682,639,655,677,701,700,820,697,834,830,686,812,684,806,947,463,953,555,938,457,935,508,852,0,817,817,817,816,1019,814,1027,809,1015,632,820,723,808,725,819,467,472,715,668,725,829,725,833,725,835,724,835,504,723,833,498,724,833,498,724,795,724,840,1055,799,1087,797,1243,797,1253,797,1235,797,1231
20101222-R05-72XX.csv,133,610,577,847,584,708,22,859,312,189,133,584,696,495,22,504,724,0,1068,483,479,478,267,312,189,653,875,674,483,0,504,483,132,94,590,469,505,611,192,834,187,189,189,140,141,141,140,423,443,493,497,501,488,508,522,479,495,577,487,600,660,483,678,674,428,660,426,654,795,267,793,349,782,267,775,290,684,724,133,133,133,132,851,130,859,125,847,94,708,23,696,23,719,289,294,517,504,21,745,21,749,21,751,22,751,312,1,733,306,0,733,306,0,747,0,528,915,493,979,491,1131,491,1145,491,1123,491,1115
20101222-R05-73XX.csv,1161,1152,1077,1359,1104,1208,1068,1379,848,1167,1161,1104,1196,1007,1068,1016,1188,1068,0,1119,991,1118,801,848,1167,1165,1371,1190,1041,1068,1016,1119,1160,976,1110,1011,1023,1153,1170,1354,1165,1167,1167,1168,1169,1169,1168,943,963,1001,1005,1009,992,1012,1026,991,1007,1077,1045,1108,1176,1041,1194,1190,1030,1176,1028,1166,1303,807,1293,899,1254,801,1251,852,1136,1188,1161,1161,1161,1160,1371,1158,1379,1153,1359,976,1208,1067,1196,1069,1219,811,816,1059,1016,1069,1245,1069,1249,1069,1251,1068,1251,848,1067,1233,842,1068,1233,842,1068,1203,1068,1184,1411,1143,211,1141,73,1141,83,1141,55,1141,117
20101223-R02-79XX.csv,576,663,628,898,635,759,483,910,363,582,576,635,747,546,483,555,775,483,1119,0,530,61,318,363,582,704,926,725,542,483,555,0,575,467,641,522,556,664,585,885,580,582,582,583,584,584,583,474,494,544,548,552,539,559,573,530,546,628,546,651,711,542,729,725,505,711,503,705,846,318,844,406,833,318,826,347,735,775,576,576,576,575,902,573,910,568,898,467,759,482,747,484,770,340,345,570,555,484,796,484,800,484,802,483,802,363,482,784,357,483,784,357,483,798,483,583,966,44,1030,42,1182,38,1196,22,1174,26,1166
20101223-R05-72XX.csv,572,563,432,746,515,603,479,758,259,578,572,515,591,90,479,431,639,479,991,530,0,529,212,259,578,530,806,549,452,479,431,530,571,387,521,422,438,564,581,745,576,578,578,579,580,580,579,210,218,186,190,194,159,179,169,0,90,432,456,455,535,452,553,549,441,535,439,529,670,218,678,310,667,212,660,263,601,639,572,572,572,571,750,569,758,564,746,387,603,478,591,480,606,222,227,470,431,480,628,480,632,480,634,479,634,259,478,600,253,479,600,253,479,570,479,595,846,554,902,552,1054,552,1068,552,1046,552,1038
20101223-R05-73XX.csv,571,662,627,897,634,758,478,909,362,577,571,634,746,545,478,554,774,478,1118,61,529,0,319,362,577,703,925,724,537,478,554,61,570,460,640,521,555,663,580,884,575,577,577,578,579,579,578,473,493,543,547,551,538,558,572,529,545,627,541,650,710,537,728,724,504,710,502,704,845,319,843,405,832,319,825,346,734,774,571,571,571,570,901,568,909,563,897,460,758,477,746,479,769,339,344,569,554,479,795,479,799,479,801,478,801,362,477,783,356,478,783,356,478,797,478,582,965,41,1029,23,1181,27,1195,39,1173,39,1165
20101224-R05-72XX.csv,360,353,310,580,317,441,267,592,53,366,360,317,429,228,267,237,457,267,801,318,212,319,0,53,366,386,608,407,242,267,237,318,359,177,323,212,238,354,369,567,364,366,366,367,368,368,367,156,176,226,230,234,221,241,255,212,228,310,246,333,393,242,411,407,229,393,227,387,528,6,526,98,515,0,508,51,417,457,360,360,360,359,584,357,592,352,580,177,441,266,429,268,452,22,27,260,237,268,478,268,482,268,484,267,484,53,266,466,47,267,466,47,267,480,267,383,648,342,712,340,864,340,878,340,856,340,848
20101224-R05-73XX.csv,405,392,357,627,364,488,312,639,0,411,405,364,476,275,312,284,504,312,848,363,259,362,53,0,411,433,655,454,285,312,284,363,404,222,370,257,285,393,414,614,409,411,411,412,413,413,412,203,223,273,277,281,268,288,302,259,275,357,289,380,440,285,458,454,274,440,272,434,575,53,573,143,562,53,555,104,464,504,405,405,405,404,631,402,639,397,627,222,488,311,476,313,499,69,74,211,284,313,525,313,529,313,531,312,531,0,311,513,6,312,513,6,312,527,312,428,695,387,759,385,911,385,925,385,903,385,895
20101225-R05-72XX.csv,64,709,676,946,683,807,189,958,411,0,68,683,795,594,189,603,823,189,1167,582,578,577,366,411,0,752,974,773,582,189,603,582,79,249,689,568,604,710,81,933,64,0,0,51,52,52,51,522,542,592,596,600,587,607,621,578,594,676,586,699,759,582,777,773,527,759,525,753,894,366,892,448,881,366,874,389,783,823,64,64,68,79,950,81,958,84,946,249,807,186,795,188,818,388,393,616,603,190,844,190,848,190,850,189,850,411,188,832,405,189,832,405,189,846,189,627,1014,592,1078,590,1230,590,1244,590,1222,590,1214
20101225-R05-73XX.csv,746,737,480,940,689,801,653,948,433,752,746,689,789,532,653,609,805,653,1165,704,530,703,386,433,752,0,940,127,626,653,609,704,745,561,695,596,612,738,755,923,750,752,752,753,754,754,753,472,492,538,534,534,531,547,557,530,532,480,630,481,137,626,139,127,615,89,613,1,218,392,730,484,715,386,712,437,721,805,746,746,746,745,940,743,948,738,940,561,801,652,789,654,812,396,401,644,609,654,838,654,842,654,844,653,844,433,652,826,427,653,826,427,653,840,653,769,980,728,1072,726,1228,726,1242,726,1220,726,1212
20101226-R02-79XX.csv,968,959,876,1120,763,1023,875,1132,655,974,968,763,1011,818,875,827,1019,875,1371,926,806,925,608,655,974,940,0,961,848,875,827,926,967,783,767,818,834,960,977,1059,972,974,974,975,976,976,975,718,738,808,808,812,811,827,833,806,818,876,852,887,951,848,961,961,837,947,835,941,1082,614,1084,706,1081,608,1074,659,999,1019,968,968,968,967,1124,965,1132,960,1120,783,1023,874,1011,876,1034,614,623,866,827,876,1060,876,1064,876,1066,875,1066,655,874,1048,649,875,1048,649,875,1026,875,991,40,950,1282,948,1434,948,1448,948,1426,948,1418
20101226-R05-72XX.csv,767,758,381,961,710,822,674,973,454,773,767,710,810,551,674,630,830,674,1190,725,549,724,407,454,773,127,961,0,647,674,630,725,766,582,716,617,633,759,776,944,771,773,773,774,775,775,774,491,511,557,553,553,550,566,576,549,551,381,651,378,38,647,28,0,636,70,634,126,323,413,781,505,770,407,763,458,748,830,767,767,767,766,965,764,973,759,961,582,822,673,810,675,833,417,422,665,630,675,859,675,863,675,865,674,865,454,673,847,448,674,847,448,674,861,674,790,1001,749,1101,747,1253,747,1267,747,1245,747,1237
20101226-R05-73XX.csv,576,585,550,820,557,681,483,832,285,582,576,557,669,468,483,477,697,483,1041,542,452,537,242,285,582,626,848,647,0,483,477,542,575,405,563,444,478,586,585,807,580,582,582,583,584,584,583,396,416,466,470,474,461,481,495,452,468,550,20,573,633,0,651,647,157,633,167,627,768,236,766,316,755,242,748,291,657,697,576,576,576,575,824,573,832,568,820,405,681,482,669,484,692,262,267,492,477,484,718,484,722,484,724,483,724,285,482,706,279,483,706,279,483,720,483,603,888,562,952,560,1104,560,1118,560,1096,560,1088
20101227-R05-72XX.csv,133,610,577,847,584,708,22,859,312,189,133,584,696,495,22,504,724,0,1068,483,479,478,267,312,189,653,875,674,483,0,504,483,132,94,590,469,505,611,192,834,187,189,189,140,141,141,140,423,443,493,497,501,488,508,522,479,495,577,487,600,660,483,678,674,428,660,426,654,795,267,793,349,782,267,775,290,684,724,133,133,133,132,851,130,859,125,847,94,708,23,696,23,719,289,294,517,504,21,745,21,749,21,751,22,751,312,1,733,306,0,733,306,0,747,0,528,915,493,979,491,1131,491,1145,491,1123,491,1115
20101227-R05-73XX.csv,597,588,533,707,540,256,504,719,284,603,597,540,244,447,504,0,668,504,1016,555,431,554,237,284,603,609,827,630,477,504,0,555,596,412,546,447,463,589,606,720,601,603,603,604,605,605,604,379,395,449,449,449,436,444,458,431,447,533,481,556,616,477,634,630,466,616,464,610,751,243,749,335,738,237,731,288,640,668,597,597,597,596,711,594,719,589,707,412,256,503,244,505,215,247,252,495,0,505,241,505,245,505,247,504,247,284,503,233,278,504,233,278,504,529,504,620,867,579,927,577,1079,577,1093,577,1071,577,1063
20101228-R02-81XX.csv,576,663,628,898,635,759,483,910,363,582,576,635,747,546,483,555,775,483,1119,0,530,61,318,363,582,704,926,725,542,483,555,0,575,467,641,522,556,664,585,885,580,582,582,583,584,584,583,474,494,544,548,552,539,559,573,530,546,628,546,651,711,542,729,725,505,711,503,705,846,318,844,406,833,318,826,347,735,775,576,576,576,575,902,573,910,568,898,467,759,482,747,484,770,340,345,570,555,484,796,484,800,484,802,483,802,363,482,784,357,483,784,357,483,798,483,583,966,44,1030,42,1182,38,1196,22,1174,26,1166
20101228-R05-72XX.csv,21,702,669,939,676,800,130,951,404,79,17,676,788,587,130,596,816,132,1160,575,571,570,359,404,79,745,967,766,575,132,596,575,0,192,682,561,597,703,86,926,81,79,79,28,29,29,28,515,535,585,589,593,580,600,614,571,587,669,579,692,752,575,770,766,520,752,518,746,887,359,885,441,874,359,867,382,776,816,21,21,17,0,943,2,951,23,939,192,800,129,788,129,811,381,386,609,596,131,837,131,841,131,843,130,843,404,131,825,398,132,825,398,132,839,132,618,1007,583,1071,583,1223,583,1237,583,1215,583,1207
20101228-R05-73XX.csv,193,520,485,755,492,616,94,767,222,249,193,492,604,403,94,412,632,94,976,467,387,460,177,222,249,561,783,582,405,94,412,467,192,0,498,379,413,521,252,742,247,249,249,200,201,201,200,331,351,401,405,409,396,416,430,387,403,485,409,508,568,405,586,582,368,568,366,562,703,179,701,261,690,177,683,212,592,632,193,193,193,192,759,190,767,185,755,0,616,91,604,93,627,197,202,427,412,95,653,95,657,95,659,94,659,222,93,641,216,94,641,216,94,655,94,522,823,485,887,483,1039,483,1053,483,1031,483,1023
20120121-R06-81XX.csv,683,674,619,879,6,750,590,891,370,689,683,6,738,537,590,546,766,590,1110,641,521,640,323,370,689,695,767,716,563,590,546,641,682,498,0,533,549,675,692,858,687,689,689,690,691,691,690,465,485,535,539,543,530,550,564,521,537,619,567,642,702,563,720,716,552,702,550,696,837,329,835,421,824,323,817,374,726,766,683,683,683,682,883,680,891,675,879,498,750,589,738,591,761,301,338,581,546,591,787,591,791,591,793,590,793,370,589,775,364,590,775,364,590,789,590,706,801,665,1021,663,1173,663,1187,663,1165,663,1157
20120121-R07-75XX.csv,562,555,520,790,527,651,469,802,257,568,562,527,639,438,469,447,667,469,1011,522,422,521,212,257,568,596,818,617,444,469,447,522,561,379,533,0,448,556,571,777,566,568,568,569,570,570,569,366,386,436,440,444,431,451,465,422,438,520,448,543,603,444,621,617,433,603,431,597,738,214,736,302,725,212,718,261,627,667,562,562,562,561,794,559,802,554,790,379,651,468,639,470,662,232,237,462,447,470,688,470,692,470,694,469,694,257,468,676,251,469,676,251,469,690,469,587,858,546,922,544,1074,544,1088,544,1066,544,1058
20120121-R07-77XX.csv,598,589,536,806,543,667,505,818,285,604,598,543,655,454,505,463,679,505,1023,556,438,555,238,285,604,612,834,633,478,505,463,556,597,413,549,448,0,590,607,793,602,604,604,605,606,606,605,382,402,452,456,460,447,467,481,438,454,536,482,559,619,478,637,633,467,619,465,613,754,244,752,336,741,238,734,289,643,679,598,598,598,597,810,595,818,590,806,413,667,504,655,506,678,248,219,496,463,506,704,506,708,506,710,505,710,285,504,692,279,505,692,279,505,702,505,621,874,580,934,578,1086,578,1100,578,1078,578,1070
20120121-R08-76XX.csv,704,1,662,932,669,793,611,944,393,710,704,669,781,580,611,589,809,611,1153,664,564,663,354,393,710,738,960,759,586,611,589,664,703,521,675,556,590,0,713,919,708,710,710,711,712,712,711,508,528,578,582,586,573,593,607,564,580,662,590,685,745,586,763,759,575,745,573,739,880,354,878,444,867,354,860,405,769,809,704,704,704,703,936,701,944,696,932,521,793,610,781,612,804,374,379,598,589,612,830,612,834,612,836,611,836,393,610,818,387,611,818,387,611,832,611,729,1000,688,1064,686,1216,686,1230,686,1208,686,1200
20120122-R05-72XX.csv,87,712,679,949,686,810,192,961,414,81,87,686,798,597,192,606,826,192,1170,585,581,580,369,414,81,755,977,776,585,192,606,585,86,252,692,571,607,713,0,936,29,81,81,82,83,83,82,525,545,595,599,603,590,610,624,581,597,679,589,702,762,585,780,776,530,762,528,756,897,369,895,451,884,369,877,392,786,826,87,87,87,86,953,88,961,87,949,252,810,189,798,191,821,391,396,619,606,193,847,193,851,193,853,192,853,414,191,835,408,192,835,408,192,849,192,630,1017,595,1081,593,1233,593,1247,593,1225,593,1217
20120122-R05-73XX.csv,927,918,847,817,852,870,834,821,614,933,927,852,858,757,834,720,1010,834,1354,885,745,884,567,614,933,923,1059,944,807,834,720,885,926,742,858,777,793,919,936,0,931,933,933,934,935,935,934,665,677,755,759,759,750,766,776,745,757,847,811,870,938,807,948,944,796,926,794,924,1065,573,1071,665,1060,567,1053,618,970,1010,927,927,927,926,813,924,821,919,817,742,870,833,858,835,881,577,582,825,720,835,907,835,911,835,913,834,913,614,833,895,608,834,895,608,834,909,834,950,1095,909,1265,907,1417,907,1431,907,1409,907,1401
20120123-R05-72XX.csv,78,707,674,944,681,805,187,956,409,64,82,681,793,592,187,601,821,187,1165,580,576,575,364,409,64,750,972,771,580,187,601,580,81,247,687,566,602,708,29,931,0,64,64,65,66,66,65,520,540,590,594,598,585,605,619,576,592,674,584,697,757,580,775,771,525,757,523,751,892,364,890,446,879,364,872,387,781,821,78,78,82,81,948,83,956,82,944,247,805,184,793,186,816,386,391,614,601,188,842,188,846,188,848,187,848,409,186,830,403,187,830,403,187,844,187,625,1012,590,1076,588,1228,588,1242,588,1220,588,1212
20120124-R05-72XX.csv,64,709,676,946,683,807,189,958,411,0,68,683,795,594,189,603,823,189,1167,582,578,577,366,411,0,752,974,773,582,189,603,582,79,249,689,568,604,710,81,933,64,0,0,51,52,52,51,522,542,592,596,600,587,607,621,578,594,676,586,699,759,582,777,773,527,759,525,753,894,366,892,448,881,366,874,389,783,823,64,64,68,79,950,81,958,84,946,249,807,186,795,188,818,388,393,616,603,190,844,190,848,190,850,189,850,411,188,832,405,189,832,405,189,846,189,627,1014,592,1078,590,1230,590,1244,590,1222,590,1214
20120125-R05-72XX.csv,64,709,676,946,683,807,189,958,411,0,68,683,795,594,189,603,823,189,1167,582,578,577,366,411,0,752,974,773,582,189,603,582,79,249,689,568,604,710,81,933,64,0,0,51,52,52,51,522,542,592,596,600,587,607,621,578,594,676,586,699,759,582,777,773,527,759,525,753,894,366,892,448,881,366,874,389,783,823,64,64,68,79,950,81,958,84,946,249,807,186,795,188,818,388,393,616,603,190,844,190,848,190,850,189,850,411,188,832,405,189,832,405,189,846,189,627,1014,592,1078,590,1230,590,1244,590,1222,590,1214
20120126-R05-72XX.csv,13,710,677,947,684,808,138,959,412,51,17,684,796,595,138,604,824,140,1168,583,579,578,367,412,51,753,975,774,583,140,604,583,28,200,690,569,605,711,82,934,65,51,51,0,1,1,0,523,543,593,597,601,588,608,622,579,595,677,587,700,760,583,778,774,528,760,526,754,895,367,893,449,882,367,875,390,784,824,13,13,17,28,951,30,959,35,947,200,808,137,796,137,819,389,394,617,604,139,845,139,849,139,851,138,851,412,139,833,406,140,833,406,140,847,140,626,1015,591,1079,591,1231,591,1245,591,1223,591,1215
20120127-R05-72XX.csv,12,711,678,948,685,809,139,960,413,52,16,685,797,596,139,605,825,141,1169,584,580,579,368,413,52,754,976,775,584,141,605,584,29,201,691,570,606,712,83,935,66,52,52,1,0,0,1,524,544,594,598,602,589,609,623,580,596,678,588,701,761,584,779,775,529,761,527,755,896,368,894,450,883,368,876,391,785,825,12,12,16,29,952,31,960,36,948,201,809,138,797,138,820,390,395,618,605,140,846,140,850,140,852,139,852,413,140,834,407,141,834,407,141,848,141,627,1016,592,1080,592,1232,592,1246,592,1224,592,1216
20120128-R05-72XX.csv,12,711,678,948,685,809,139,960,413,52,16,685,797,596,139,605,825,141,1169,584,580,579,368,413,52,754,976,775,584,141,605,584,29,201,691,570,606,712,83,935,66,52,52,1,0,0,1,524,544,594,598,602,589,609,623,580,596,678,588,701,761,584,779,775,529,761,527,755,896,368,894,450,883,368,876,391,785,825,12,12,16,29,952,31,960,36,948,201,809,138,797,138,820,390,395,618,605,140,846,140,850,140,852,139,852,413,140,834,407,141,834,407,141,848,141,627,1016,592,1080,592,1232,592,1246,592,1224,592,1216
20120129-R05-72XX.csv,13,710,677,947,684,808,138,959,412,51,17,684,796,595,138,604,824,140,1168,583,579,578,367,412,51,753,975,774,583,140,604,583,28,200,690,569,605,711,82,934,65,51,51,0,1,1,0,523,543,593,597,601,588,608,622,579,595,677,587,700,760,583,778,774,528,760,526,754,895,367,893,449,882,367,875,390,784,824,13,13,17,28,951,30,959,35,947,200,808,137,796,137,819,389,394,617,604,139,845,139,849,139,851,138,851,412,139,833,406,140,833,406,140,847,140,626,1015,591,1079,591,1231,591,1245,591,1223,591,1215
20120601-R05-73XX.csv,516,507,390,702,459,579,423,714,203,522,516,459,567,220,423,379,595,423,943,474,210,473,156,203,522,472,718,491,396,423,379,474,515,331,465,366,382,508,525,665,520,522,522,523,524,524,523,0,88,198,194,202,205,225,227,210,220,390,400,409,489,396,495,491,385,477,383,471,612,162,628,254,617,156,610,207,547,595,516,516,516,515,706,513,714,508,702,331,579,422,567,424,590,166,171,414,379,424,616,424,620,424,622,423,622,203,422,604,197,423,604,197,423,618,423,539,758,498,854,496,1006,496,1020,496,998,496,990
20120602-R05-73XX.csv,536,527,410,698,479,575,443,706,223,542,536,479,563,224,443,395,615,443,963,494,218,493,176,223,542,492,738,511,416,443,395,494,535,351,485,386,402,528,545,677,540,542,542,543,544,544,543,88,0,190,186,202,213,229,235,218,224,410,420,429,509,416,515,511,405,497,403,491,632,182,648,274,637,176,630,227,567,615,536,536,536,535,698,533,706,528,698,351,575,442,563,444,590,186,191,434,395,444,616,444,620,444,622,443,622,223,442,608,217,443,608,217,443,622,443,559,778,518,874,516,1026,516,1040,516,1018,516,1010
20120603-R05-73XX.csv,586,577,448,736,529,621,493,748,273,592,586,529,609,188,493,449,661,493,1001,544,186,543,226,273,592,538,808,557,466,493,449,544,585,401,535,436,452,578,595,755,590,592,592,593,594,594,593,198,190,0,64,76,91,115,125,186,188,448,470,471,547,466,561,557,455,543,453,537,678,232,690,324,679,226,672,277,617,661,586,586,586,585,740,583,748,578,736,401,621,492,609,494,640,236,241,484,449,494,666,494,670,494,672,493,672,273,492,658,267,493,658,267,493,672,493,609,848,568,912,566,1064,566,1078,566,1056,566,1048
20120605-R05-73XX.csv,590,581,452,732,533,617,497,744,277,596,590,533,605,192,497,449,669,497,1005,548,190,547,230,277,596,534,808,553,470,497,449,548,589,405,539,440,456,582,599,759,594,596,596,597,598,598,597,194,186,64,0,72,95,115,125,190,192,452,474,471,551,470,561,553,459,547,457,533,674,236,694,328,683,230,676,281,621,669,590,590,590,589,736,587,744,582,732,405,617,496,605,498,636,240,245,488,449,498,662,498,666,498,668,497,668,277,496,654,271,497,654,271,497,668,497,613,848,572,916,570,1068,570,1082,570,1060,570,1052
20120606-R05-73XX.csv,594,585,452,740,537,613,501,752,281,600,594,537,601,196,501,449,673,501,1009,552,194,551,234,281,600,534,812,553,474,501,449,552,593,409,543,444,460,586,603,759,598,600,600,601,602,602,601,202,202,76,72,0,99,115,121,194,196,452,478,471,555,474,561,553,463,547,461,533,674,240,698,332,687,234,680,285,625,673,594,594,594,593,744,591,752,586,740,409,613,500,601,502,636,244,249,492,449,502,662,502,666,502,668,501,668,281,500,654,275,501,654,275,501,676,501,617,852,576,920,574,1072,574,1086,574,1064,574,1056
20120607-R05-73XX.csv,581,572,441,739,524,596,488,751,268,587,581,524,584,161,488,436,644,488,992,539,159,538,221,268,587,531,811,550,461,488,436,539,580,396,530,431,447,573,590,750,585,587,587,588,589,589,588,205,213,91,95,99,0,80,94,159,161,441,465,464,540,461,554,550,450,536,448,530,671,227,683,319,672,221,665,272,610,644,581,581,581,580,743,578,751,573,739,396,596,487,584,489,615,231,236,479,436,489,633,489,637,489,639,488,639,268,487,633,262,488,633,262,488,671,488,604,851,563,903,561,1055,561,1069,561,1047,561,1039
20120608-R05-73XX.csv,601,592,461,751,544,584,508,763,288,607,601,544,572,173,508,444,660,508,1012,559,179,558,241,288,607,547,827,566,481,508,444,559,600,416,550,451,467,593,610,766,605,607,607,608,609,609,608,225,229,115,115,115,80,0,102,179,173,461,485,480,560,481,570,566,470,556,468,546,687,247,703,339,692,241,685,292,630,660,601,601,601,600,755,598,763,593,751,416,584,507,572,509,599,251,256,499,444,509,621,509,625,509,627,508,627,288,507,617,282,508,617,282,508,679,508,624,867,583,923,581,1075,581,1089,581,1067,581,1059
20120609-R05-73XX.csv,615,606,471,769,558,630,522,781,302,621,615,558,618,171,522,458,682,522,1026,573,169,572,255,302,621,557,833,576,495,522,458,573,614,430,564,465,481,607,624,776,619,621,621,622,623,623,622,227,235,125,125,121,94,102,0,169,171,471,499,490,570,495,580,576,484,562,482,556,697,261,717,353,706,255,699,306,644,682,615,615,615,614,773,612,781,607,769,430,630,521,618,523,621,265,270,513,458,523,643,523,647,523,649,522,649,302,521,639,296,522,639,296,522,697,522,638,873,597,937,595,1089,595,1103,595,1081,595,1073
20120610-R05-73XX.csv,572,563,432,746,515,603,479,758,259,578,572,515,591,90,479,431,639,479,991,530,0,529,212,259,578,530,806,549,452,479,431,530,571,387,521,422,438,564,581,745,576,578,578,579,580,580,579,210,218,186,190,194,159,179,169,0,90,432,456,455,535,452,553,549,441,535,439,529,670,218,678,310,667,212,660,263,601,639,572,572,572,571,750,569,758,564,746,387,603,478,591,480,606,222,227,470,431,480,628,480,632,480,634,479,634,259,478,600,253,479,600,253,479,570,479,595,846,554,902,552,1054,552,1068,552,1046,552,1038
20120611-R05-73XX.csv,588,579,438,750,531,607,495,762,275,594,588,531,595,0,495,447,655,495,1007,546,90,545,228,275,594,532,818,551,468,495,447,546,587,403,537,438,454,580,597,757,592,594,594,595,596,596,595,220,224,188,192,196,161,173,171,90,0,438,472,457,541,468,555,551,457,541,455,531,672,234,688,326,677,228,670,279,615,655,588,588,588,587,754,585,762,580,750,403,607,494,595,496,610,238,243,486,447,496,632,496,636,496,638,495,638,275,494,600,269,495,600,269,495,616,495,611,858,570,918,568,1070,568,1084,568,1062,568,1054
20120612-R05-73XX.csv,670,661,0,864,613,729,577,876,357,676,670,613,717,438,577,533,677,577,1077,628,432,627,310,357,676,480,876,381,550,577,533,628,669,485,619,520,536,662,679,847,674,676,676,677,678,678,677,390,410,448,452,452,441,461,471,432,438,0,554,103,371,550,377,381,539,423,537,479,620,316,704,408,693,310,686,361,651,677,670,670,670,669,868,667,876,662,864,485,729,576,717,578,740,320,325,568,533,578,766,578,770,578,772,577,772,357,576,754,351,577,754,351,577,764,577,693,916,652,988,650,1140,650,1154,650,1132,650,1124
20120613-R05-72XX.csv,580,589,554,824,561,685,487,836,289,586,580,561,673,472,487,481,701,487,1045,546,456,541,246,289,586,630,852,651,20,487,481,546,579,409,567,448,482,590,589,811,584,586,586,587,588,588,587,400,420,470,474,478,465,485,499,456,472,554,0,577,637,20,655,651,173,637,171,631,772,240,770,320,759,246,752,295,661,701,580,580,580,579,828,577,836,572,824,409,685,486,673,488,696,266,271,496,481,488,722,488,726,488,728,487,728,289,486,710,283,487,710,283,487,724,487,607,892,566,956,564,1108,564,1122,564,1100,564,1092
20120613-R05-73XX.csv,693,684,103,883,636,748,600,895,380,699,693,636,736,457,600,556,700,600,1108,651,455,650,333,380,699,481,887,378,573,600,556,651,692,508,642,543,559,685,702,870,697,699,699,700,701,701,700,409,429,471,471,471,464,480,490,455,457,103,577,0,372,573,374,378,562,424,560,480,613,339,715,431,704,333,697,384,674,700,693,693,693,692,887,690,895,685,883,508,748,599,736,601,763,343,348,591,556,601,789,601,793,601,795,600,795,380,599,773,374,600,773,374,600,783,600,716,927,675,1019,673,1171,673,1185,673,1163,673,1155
20120614-R05-73XX.csv,753,744,371,951,696,812,660,963,440,759,753,696,800,541,660,616,820,660,1176,711,535,710,393,440,759,137,951,38,633,660,616,711,752,568,702,603,619,745,762,938,757,759,759,760,761,761,760,489,509,547,551,555,540,560,570,535,541,371,637,372,0,633,26,38,622,84,620,136,337,399,767,491,756,393,749,444,734,820,753,753,753,752,955,750,963,745,951,568,812,659,800,661,823,403,408,651,616,661,849,661,853,661,855,660,855,440,659,837,434,660,837,434,660,851,660,776,991,735,1087,733,1239,733,1253,733,1231,733,1223
20120615-R05-72XX.csv,576,585,550,820,557,681,483,832,285,582,576,557,669,468,483,477,697,483,1041,542,452,537,242,285,582,626,848,647,0,483,477,542,575,405,563,444,478,586,585,807,580,582,582,583,584,584,583,396,416,466,470,474,461,481,495,452,468,550,20,573,633,0,651,647,157,633,167,627,768,236,766,316,755,242,748,291,657,697,576,576,576,575,824,573,832,568,820,405,681,482,669,484,692,262,267,492,477,484,718,484,722,484,724,483,724,285,482,706,279,483,706,279,483,720,483,603,888,562,952,560,1104,560,1118,560,1096,560,1088
20120615-R05-73XX.csv,771,762,377,969,714,830,678,981,458,777,771,714,818,555,678,634,834,678,1194,729,553,728,411,458,777,139,961,28,651,678,634,729,770,586,720,621,637,763,780,948,775,777,777,778,779,779,778,495,515,561,561,561,554,570,580,553,555,377,655,374,26,651,0,28,640,82,638,138,335,417,785,509,774,411,767,462,752,834,771,771,771,770,973,768,981,763,969,586,830,677,818,679,841,421,426,669,634,679,867,679,871,679,873,678,873,458,677,855,452,678,855,452,678,869,678,794,997,753,1105,751,1257,751,1271,751,1249,751,1241
20120616-R05-73XX.csv,767,758,381,961,710,822,674,973,454,773,767,710,810,551,674,630,830,674,1190,725,549,724,407,454,773,127,961,0,647,674,630,725,766,582,716,617,633,759,776,944,771,773,773,774,775,775,774,491,511,557,553,553,550,566,576,549,551,381,651,378,38,647,28,0,636,70,634,126,323,413,781,505,770,407,763,458,748,830,767,767,767,766,965,764,973,759,961,582,822,673,810,675,833,417,422,665,630,675,859,675,863,675,865,674,865,454,673,847,448,674,847,448,674,861,674,790,1001,749,1101,747,1253,747,1267,747,1245,747,1237
20120617-R05-72XX.csv,521,574,539,809,546,670,428,821,274,527,521,546,658,457,428,466,686,428,1030,505,441,504,229,274,527,615,837,636,157,428,466,505,520,368,552,433,467,575,530,796,525,527,527,528,529,529,528,385,405,455,459,463,450,470,484,441,457,539,173,562,622,157,640,636,0,622,30,616,757,223,755,297,744,229,737,210,646,686,521,521,521,520,813,518,821,513,809,368,670,427,658,429,681,251,256,481,466,429,707,429,711,429,713,428,713,274,427,695,268,428,695,268,428,709,428,548,877,519,941,517,1093,517,1107,517,1085,517,1077
20120617-R05-73XX.csv,753,744,423,951,696,812,660,963,440,759,753,696,800,541,660,616,812,660,1176,711,535,710,393,440,759,89,947,70,633,660,616,711,752,568,702,603,619,745,762,926,757,759,759,760,761,761,760,477,497,543,547,547,536,556,562,535,541,423,637,424,84,633,82,70,622,0,620,88,285,399,739,491,724,393,721,444,726,812,753,753,753,752,955,750,963,745,951,568,812,659,800,661,823,403,408,651,616,661,849,661,853,661,855,660,855,440,659,837,434,660,837,434,660,851,660,776,987,735,1083,733,1239,733,1253,733,1231,733,1223
20120618-R05-72XX.csv,519,572,537,807,544,668,426,819,272,525,519,544,656,455,426,464,684,426,1028,503,439,502,227,272,525,613,835,634,167,426,464,503,518,366,550,431,465,573,528,794,523,525,525,526,527,527,526,383,403,453,457,461,448,468,482,439,455,537,171,560,620,167,638,634,30,620,0,614,755,221,753,295,742,227,735,208,644,684,519,519,519,518,811,516,819,511,807,366,668,425,656,427,679,249,254,479,464,427,705,427,709,427,711,426,711,272,425,693,266,426,693,266,426,707,426,546,875,517,939,515,1091,515,1105,515,1083,515,1075
20120618-R05-73XX.csv,747,738,479,941,690,802,654,949,434,753,747,690,790,531,654,610,806,654,1166,705,529,704,387,434,753,1,941,126,627,654,610,705,746,562,696,597,613,739,756,924,751,753,753,754,755,755,754,471,491,537,533,533,530,546,556,529,531,479,631,480,136,627,138,126,616,88,614,0,217,393,729,485,714,387,711,438,720,806,747,747,747,746,941,744,949,739,941,562,802,653,790,655,813,397,402,645,610,655,839,655,843,655,845,654,845,434,653,827,428,654,827,428,654,841,654,770,981,729,1073,727,1229,727,1243,727,1221,727,1213
20120619-R05-73XX.csv,888,879,620,1078,831,939,795,1090,575,894,888,831,927,672,795,751,947,795,1303,846,670,845,528,575,894,218,1082,323,768,795,751,846,887,703,837,738,754,880,897,1065,892,894,894,895,896,896,895,612,632,678,674,674,671,687,697,670,672,620,772,613,337,768,335,323,757,285,755,217,0,534,562,626,583,528,580,579,657,947,888,888,888,887,1082,885,1090,880,1078,703,939,794,927,796,954,538,543,786,751,796,980,796,984,796,986,795,986,575,794,964,569,795,964,569,795,978,795,911,1122,870,1210,868,1366,868,1380,868,1358,868,1350
20120621-R05-72XX.csv,360,353,316,586,323,447,267,598,53,366,360,323,435,234,267,243,463,267,807,318,218,319,6,53,366,392,614,413,236,267,243,318,359,179,329,214,244,354,369,573,364,366,366,367,368,368,367,162,182,232,236,240,227,247,261,218,234,316,240,339,399,236,417,413,223,399,221,393,534,0,532,92,521,6,514,57,423,463,360,360,360,359,590,357,598,352,586,179,447,266,435,268,458,28,33,260,243,268,484,268,488,268,490,267,490,53,266,472,47,267,472,47,267,486,267,383,654,342,718,340,870,340,884,340,862,340,854
20120621-R05-73XX.csv,886,877,704,1088,829,949,793,1100,573,892,886,829,937,688,793,749,953,793,1293,844,678,843,526,573,892,730,1084,781,766,793,749,844,885,701,835,736,752,878,895,1071,890,892,892,893,894,894,893,628,648,690,694,698,683,703,717,678,688,704,770,715,767,766,785,781,755,739,753,729,562,532,0,624,185,526,230,577,543,953,886,886,886,885,1092,883,1100,878,1088,701,949,792,937,794,960,536,541,784,749,794,986,794,990,794,992,793,992,573,792,974,567,793,974,567,793,988,793,909,1116,868,1200,866,1356,866,1370,866,1348,866,1340
20120622-R05-72XX.csv,442,443,408,678,415,539,349,690,143,448,442,415,527,326,349,335,555,349,899,406,310,405,98,143,448,484,706,505,316,349,335,406,441,261,421,302,336,444,451,665,446,448,448,449,450,450,449,254,274,324,328,332,319,339,353,310,326,408,320,431,491,316,509,505,297,491,295,485,626,92,624,0,613,98,606,141,515,555,442,442,442,441,682,439,690,434,678,261,539,348,527,350,550,120,125,350,335,350,576,350,580,350,582,349,582,143,348,564,137,349,564,137,349,578,349,469,746,428,810,426,962,426,976,426,954,426,946
20120622-R05-73XX.csv,875,866,693,1077,818,938,782,1089,562,881,875,818,926,677,782,738,938,782,1254,833,667,832,515,562,881,715,1081,770,755,782,738,833,874,690,824,725,741,867,884,1060,879,881,881,882,883,883,882,617,637,679,683,687,672,692,706,667,677,693,759,704,756,755,774,770,744,724,742,714,583,521,185,613,0,515,121,566,434,938,875,875,875,874,1081,872,1089,867,1077,690,938,781,926,783,949,525,530,773,738,783,975,783,979,783,981,782,981,562,781,963,556,782,963,556,782,977,782,898,1113,857,1153,855,1317,855,1331,855,1309,855,1301
20120623-R05-72XX.csv,360,353,310,580,317,441,267,592,53,366,360,317,429,228,267,237,457,267,801,318,212,319,0,53,366,386,608,407,242,267,237,318,359,177,323,212,238,354,369,567,364,366,366,367,368,368,367,156,176,226,230,234,221,241,255,212,228,310,246,333,393,242,411,407,229,393,227,387,528,6,526,98,515,0,508,51,417,457,360,360,360,359,584,357,592,352,580,177,441,266,429,268,452,22,27,260,237,268,478,268,482,268,484,267,484,53,266,466,47,267,466,47,267,480,267,383,648,342,712,340,864,340,878,340,856,340,848
20120623-R05-73XX.csv,868,859,686,1070,811,931,775,1082,555,874,868,811,919,670,775,731,935,775,1251,826,660,825,508,555,874,712,1074,763,748,775,731,826,867,683,817,718,734,860,877,1053,872,874,874,875,876,876,875,610,630,672,676,680,665,685,699,660,670,686,752,697,749,748,767,763,737,721,735,711,580,514,230,606,121,508,0,559,427,935,868,868,868,867,1074,865,1082,860,1070,683,931,774,919,776,942,518,523,766,731,776,968,776,972,776,974,775,974,555,774,956,549,775,956,549,775,970,775,891,1106,850,1150,848,1314,848,1328,848,1306,848,1298
20120625-R05-72XX.csv,383,404,361,631,368,492,290,643,104,389,383,368,480,279,290,288,508,290,852,347,263,346,51,104,389,437,659,458,291,290,288,347,382,212,374,261,289,405,392,618,387,389,389,390,391,391,390,207,227,277,281,285,272,292,306,263,279,361,295,384,444,291,462,458,210,444,208,438,579,57,577,141,566,51,559,0,468,508,383,383,383,382,635,380,643,375,631,212,492,289,480,291,503,73,78,311,288,291,529,291,533,291,535,290,535,104,289,517,98,290,517,98,290,531,290,394,699,365,763,363,915,363,929,363,907,363,899
20120625-R05-73XX.csv,777,768,651,983,720,844,684,995,464,783,777,720,832,615,684,640,852,684,1136,735,601,734,417,464,783,721,999,748,657,684,640,735,776,592,726,627,643,769,786,970,781,783,783,784,785,785,784,547,567,617,621,625,610,630,644,601,615,651,661,674,734,657,752,748,646,726,644,720,657,423,543,515,434,417,427,468,0,852,777,777,777,776,987,774,995,769,983,592,844,683,832,685,855,427,432,675,640,685,881,685,885,685,887,684,887,464,683,869,458,684,869,458,684,883,684,800,1039,759,1031,757,1195,757,1209,757,1187,757,1179
20120729-R05-73XX.csv,817,808,677,1015,760,820,724,1027,504,823,817,760,808,655,724,668,0,724,1188,775,639,774,457,504,823,805,1019,830,697,724,668,775,816,632,766,667,679,809,826,1010,821,823,823,824,825,825,824,595,615,661,669,673,644,660,682,639,655,677,701,700,820,697,834,830,686,812,684,806,947,463,953,555,938,457,935,508,852,0,817,817,817,816,1019,814,1027,809,1015,632,820,723,808,725,819,467,472,715,668,725,829,725,833,725,835,724,835,504,723,833,498,724,833,498,724,795,724,840,1055,799,1087,797,1243,797,1253,797,1235,797,1231
20121210-R05-72XX.csv,0,703,670,940,677,801,131,952,405,64,4,677,789,588,131,597,817,133,1161,576,572,571,360,405,64,746,968,767,576,133,597,576,21,193,683,562,598,704,87,927,78,64,64,13,12,12,13,516,536,586,590,594,581,601,615,572,588,670,580,693,753,576,771,767,521,753,519,747,888,360,886,442,875,360,868,383,777,817,0,0,4,21,944,23,952,28,940,193,801,130,789,130,812,382,387,610,597,132,838,132,842,132,844,131,844,405,132,826,399,133,826,399,133,840,133,619,1008,584,1072,584,1224,584,1238,584,1216,584,1208
20121211-R05-72XX.csv,0,703,670,940,677,801,131,952,405,64,4,677,789,588,131,597,817,133,1161,576,572,571,360,405,64,746,968,767,576,133,597,576,21,193,683,562,598,704,87,927,78,64,64,13,12,12,13,516,536,586,590,594,581,601,615,572,588,670,580,693,753,576,771,767,521,753,519,747,888,360,886,442,875,360,868,383,777,817,0,0,4,21,944,23,952,28,940,193,801,130,789,130,812,382,387,610,597,132,838,132,842,132,844,131,844,405,132,826,399,133,826,399,133,840,133,619,1008,584,1072,584,1224,584,1238,584,1216,584,1208
20121212-R05-72XX.csv,4,703,670,940,677,801,131,952,405,68,0,677,789,588,131,597,817,133,1161,576,572,571,360,405,68,746,968,767,576,133,597,576,17,193,683,562,598,704,87,927,82,68,68,17,16,16,17,516,536,586,590,594,581,601,615,572,588,670,580,693,753,576,771,767,521,753,519,747,888,360,886,442,875,360,868,383,777,817,4,4,0,17,944,19,952,24,940,193,801,130,789,130,812,382,387,610,597,132,838,132,842,132,844,131,844,405,132,826,399,133,826,399,133,840,133,619,1008,584,1072,584,1224,584,1238,584,1216,584,1208
20121217-R05-72XX.csv,21,702,669,939,676,800,130,951,404,79,17,676,788,587,130,596,816,132,1160,575,571,570,359,404,79,745,967,766,575,132,596,575,0,192,682,561,597,703,86,926,81,79,79,28,29,29,28,515,535,585,589,593,580,600,614,571,587,669,579,692,752,575,770,766,520,752,518,746,887,359,885,441,874,359,867,382,776,816,21,21,17,0,943,2,951,23,939,192,800,129,788,129,811,381,386,609,596,131,837,131,841,131,843,130,843,404,131,825,398,132,825,398,132,839,132,618,1007,583,1071,583,1223,583,1237,583,1215,583,1207
20121217-R05-73XX.csv,944,935,868,32,877,677,851,8,631,950,944,877,689,754,851,711,1019,851,1371,902,750,901,584,631,950,940,1124,965,824,851,711,902,943,759,883,794,810,936,953,813,948,950,950,951,952,952,951,706,698,740,736,744,743,755,773,750,754,868,828,887,955,824,973,965,813,955,811,941,1082,590,1092,682,1081,584,1074,635,987,1019,944,944,944,943,0,941,8,936,32,759,677,850,689,852,788,594,599,842,711,852,814,852,818,852,820,851,820,631,850,806,625,851,806,625,851,820,851,967,1164,926,1282,924,1434,924,1448,924,1426,924,1418
20121218-R05-72XX.csv,23,700,667,937,674,798,128,949,402,81,19,674,786,585,128,594,814,130,1158,573,569,568,357,402,81,743,965,764,573,130,594,573,2,190,680,559,595,701,88,924,83,81,81,30,31,31,30,513,533,583,587,591,578,598,612,569,585,667,577,690,750,573,768,764,518,750,516,744,885,357,883,439,872,357,865,380,774,814,23,23,19,2,941,0,949,21,937,190,798,127,786,127,809,379,384,607,594,129,835,129,839,129,841,128,841,402,129,823,396,130,823,396,130,837,130,616,1005,581,1069,581,1221,581,1235,581,1213,581,1205
20121218-R05-73XX.csv,952,943,876,32,885,685,859,0,639,958,952,885,697,762,859,719,1027,859,1379,910,758,909,592,639,958,948,1132,973,832,859,719,910,951,767,891,802,818,944,961,821,956,958,958,959,960,960,959,714,706,748,744,752,751,763,781,758,762,876,836,895,963,832,981,973,821,963,819,949,1090,598,1100,690,1089,592,1082,643,995,1027,952,952,952,951,8,949,0,944,32,767,685,858,697,860,796,602,607,850,719,860,818,860,818,860,820,859,820,639,858,814,633,859,814,633,859,824,859,975,1172,934,1290,932,1442,932,1456,932,1434,932,1426
20121220-R05-72XX.csv,28,695,662,932,669,793,125,944,397,84,24,669,781,580,125,589,809,125,1153,568,564,563,352,397,84,738,960,759,568,125,589,568,23,185,675,554,590,696,87,919,82,84,84,35,36,36,35,508,528,578,582,586,573,593,607,564,580,662,572,685,745,568,763,759,513,745,511,739,880,352,878,434,867,352,860,375,769,809,28,28,24,23,936,21,944,0,932,185,793,122,781,124,804,374,379,602,589,126,830,126,834,126,836,125,836,397,124,818,391,125,818,391,125,832,125,613,1000,578,1064,576,1216,576,1230,576,1208,576,1200
20121220-R05-73XX.csv,940,931,864,0,873,673,847,32,627,946,940,873,685,750,847,707,1015,847,1359,898,746,897,580,627,946,940,1120,961,820,847,707,898,939,755,879,790,806,932,949,817,944,946,946,947,948,948,947,702,698,736,732,740,739,751,769,746,750,864,824,883,951,820,969,961,809,951,807,941,1078,586,1088,678,1077,580,1070,631,983,1015,940,940,940,939,32,937,32,932,0,755,673,846,685,848,784,590,595,838,707,848,810,848,810,848,812,847,812,627,846,802,621,847,802,621,847,816,847,963,1160,922,1270,920,1422,920,1436,920,1414,920,1406
20121222-R05-72XX.csv,193,520,485,755,492,616,94,767,222,249,193,492,604,403,94,412,632,94,976,467,387,460,177,222,249,561,783,582,405,94,412,467,192,0,498,379,413,521,252,742,247,249,249,200,201,201,200,331,351,401,405,409,396,416,430,387,403,485,409,508,568,405,586,582,368,568,366,562,703,179,701,261,690,177,683,212,592,632,193,193,193,192,759,190,767,185,755,0,616,91,604,93,627,197,202,427,412,95,653,95,657,95,659,94,659,222,93,641,216,94,641,216,94,655,94,522,823,485,887,483,1039,483,1053,483,1031,483,1023
20121222-R05-73XX.csv,801,792,729,673,744,0,708,685,488,807,801,744,12,607,708,256,820,708,1208,759,603,758,441,488,807,801,1023,822,681,708,256,759,800,616,750,651,667,793,810,870,805,807,807,808,809,809,808,579,575,621,617,613,596,584,630,603,607,729,685,748,812,681,830,822,670,812,668,802,939,447,949,539,938,441,931,492,844,820,801,801,801,800,677,798,685,793,673,616,0,707,12,709,151,451,456,699,256,709,165,709,169,709,171,708,171,488,707,173,482,708,173,482,708,573,708,824,1063,783,1115,781,1267,781,1281,781,1259,781,1251
20121223-R05-72XX.csv,130,609,576,846,583,707,23,858,311,186,130,583,695,494,23,503,723,23,1067,482,478,477,266,311,186,652,874,673,482,23,503,482,129,91,589,468,504,610,189,833,184,186,186,137,138,138,137,422,442,492,496,500,487,507,521,478,494,576,486,599,659,482,677,673,427,659,425,653,794,266,792,348,781,266,774,289,683,723,130,130,130,129,850,127,858,122,846,91,707,0,695,2,718,288,293,516,503,24,744,24,748,24,750,23,750,311,22,732,305,23,732,305,23,746,23,527,914,492,978,490,1130,490,1144,490,1122,490,1114
20121223-R05-73XX.csv,789,780,717,685,732,12,696,697,476,795,789,732,0,595,696,244,808,696,1196,747,591,746,429,476,795,789,1011,810,669,696,244,747,788,604,738,639,655,781,798,858,793,795,795,796,797,797,796,567,563,609,605,601,584,572,618,591,595,717,673,736,800,669,818,810,658,800,656,790,927,435,937,527,926,429,919,480,832,808,789,789,789,788,689,786,697,781,685,604,12,695,0,697,139,439,444,687,244,697,153,697,157,697,159,696,159,476,695,161,470,696,161,470,696,561,696,812,1051,771,1103,769,1255,769,1269,769,1247,769,1239
20121224-R05-72XX.csv,130,611,578,848,585,709,23,860,313,188,130,585,697,496,23,505,725,23,1069,484,480,479,268,313,188,654,876,675,484,23,505,484,129,93,591,470,506,612,191,835,186,188,188,137,138,138,137,424,444,494,498,502,489,509,523,480,496,578,488,601,661,484,679,675,429,661,427,655,796,268,794,350,783,268,776,291,685,725,130,130,130,129,852,127,860,124,848,93,709,2,697,0,720,290,295,518,505,22,746,22,750,22,752,23,752,313,24,734,307,23,734,307,23,748,23,527,916,492,980,492,1132,492,1146,492,1124,492,1116
20130101-R05-73XX.csv,812,803,740,784,755,151,719,796,499,818,812,755,139,610,719,215,819,719,1219,770,606,769,452,499,818,812,1034,833,692,719,215,770,811,627,761,662,678,804,821,881,816,818,818,819,820,820,819,590,590,640,636,636,615,599,621,606,610,740,696,763,823,692,841,833,681,823,679,813,954,458,960,550,949,452,942,503,855,819,812,812,812,811,788,809,796,804,784,627,151,718,139,720,0,462,467,710,215,720,30,720,34,720,32,719,32,499,718,34,493,719,34,493,719,556,719,835,1074,794,1126,792,1278,792,1292,792,1270,792,1262
20130101-R06-81XX.csv,382,373,320,590,295,451,289,602,69,388,382,295,439,238,289,247,467,289,811,340,222,339,22,69,388,396,614,417,262,289,247,340,381,197,301,232,248,374,391,577,386,388,388,389,390,390,389,166,186,236,240,244,231,251,265,222,238,320,266,343,403,262,421,417,251,403,249,397,538,28,536,120,525,22,518,73,427,467,382,382,382,381,594,379,602,374,590,197,451,288,439,290,462,0,37,280,247,290,488,290,492,290,494,289,494,69,288,476,63,289,476,63,289,490,289,405,654,364,722,362,874,362,888,362,866,362,858
20130101-R07-77XX.csv,387,378,325,595,332,456,294,607,74,393,387,332,444,243,294,252,472,294,816,345,227,344,27,74,393,401,623,422,267,294,252,345,386,202,338,237,219,379,396,582,391,393,393,394,395,395,394,171,191,241,245,249,236,256,270,227,243,325,271,348,408,267,426,422,256,408,254,402,543,33,541,125,530,27,523,78,432,472,387,387,387,386,599,384,607,379,595,202,456,293,444,295,467,37,0,285,252,295,493,295,497,295,499,294,499,74,293,481,68,294,481,68,294,495,294,410,663,369,727,367,879,367,893,367,871,367,863
20130101-R08-76XX.csv,610,597,568,838,575,699,517,850,211,616,610,575,687,486,517,495,715,517,1059,570,470,569,260,211,616,644,866,665,492,517,495,570,609,427,581,462,496,598,619,825,614,616,616,617,618,618,617,414,434,484,488,492,479,499,513,470,486,568,496,591,651,492,669,665,481,651,479,645,786,260,784,350,773,260,766,311,675,715,610,610,610,609,842,607,850,602,838,427,699,516,687,518,710,280,285,0,495,518,736,518,740,518,742,517,742,211,516,724,217,517,724,217,517,738,517,623,906,594,970,592,1122,592,1136,592,1114,592,1106
20130102-R05-73XX.csv,597,588,533,707,540,256,504,719,284,603,597,540,244,447,504,0,668,504,1016,555,431,554,237,284,603,609,827,630,477,504,0,555,596,412,546,447,463,589,606,720,601,603,603,604,605,605,604,379,395,449,449,449,436,444,458,431,447,533,481,556,616,477,634,630,466,616,464,610,751,243,749,335,738,237,731,288,640,668,597,597,597,596,711,594,719,589,707,412,256,503,244,505,215,247,252,495,0,505,241,505,245,505,247,504,247,284,503,233,278,504,233,278,504,529,504,620,867,579,927,577,1079,577,1093,577,1071,577,1063
20130103-R05-72XX.csv,132,611,578,848,585,709,17,860,313,190,132,585,697,496,17,505,725,21,1069,484,480,479,268,313,190,654,876,675,484,21,505,484,131,95,591,470,506,612,193,835,188,190,190,139,140,140,139,424,444,494,498,502,489,509,523,480,496,578,488,601,661,484,679,675,429,661,427,655,796,268,794,350,783,268,776,291,685,725,132,132,132,131,852,129,860,126,848,95,709,24,697,22,720,290,295,518,505,0,746,12,750,12,752,17,752,313,22,734,307,21,734,307,21,748,21,527,916,492,980,492,1132,492,1146,492,1124,492,1116
20130103-R05-73XX.csv,838,829,766,810,781,165,745,818,525,844,838,781,153,632,745,241,829,745,1245,796,628,795,478,525,844,838,1060,859,718,745,241,796,837,653,787,688,704,830,847,907,842,844,844,845,846,846,845,616,616,666,662,662,633,621,643,628,632,766,722,789,849,718,867,859,707,849,705,839,980,484,986,576,975,478,968,529,881,829,838,838,838,837,814,835,818,830,810,653,165,744,153,746,30,488,493,736,241,746,0,746,4,746,6,745,6,525,744,52,519,745,52,519,745,574,745,861,1100,820,1148,818,1304,818,1314,818,1292,818,1288
20130104-R05-72XX.csv,132,611,578,848,585,709,17,860,313,190,132,585,697,496,17,505,725,21,1069,484,480,479,268,313,190,654,876,675,484,21,505,484,131,95,591,470,506,612,193,835,188,190,190,139,140,140,139,424,444,494,498,502,489,509,523,480,496,578,488,601,661,484,679,675,429,661,427,655,796,268,794,350,783,268,776,291,685,725,132,132,132,131,852,129,860,126,848,95,709,24,697,22,720,290,295,518,505,12,746,0,750,12,752,17,752,313,22,734,307,21,734,307,21,748,21,527,916,492,980,492,1132,492,1146,492,1124,492,1116
20130104-R05-73XX.csv,842,833,770,810,785,169,749,818,529,848,842,785,157,636,749,245,833,749,1249,800,632,799,482,529,848,842,1064,863,722,749,245,800,841,657,791,692,708,834,851,911,846,848,848,849,850,850,849,620,620,670,666,666,637,625,647,632,636,770,726,793,853,722,871,863,711,853,709,843,984,488,990,580,979,482,972,533,885,833,842,842,842,841,818,839,818,834,810,657,169,748,157,750,34,492,497,740,245,750,4,750,0,750,2,749,2,529,748,56,523,749,56,523,749,578,749,865,1104,824,1152,822,1308,822,1318,822,1296,822,1292
20130105-R05-72XX.csv,132,611,578,848,585,709,17,860,313,190,132,585,697,496,17,505,725,21,1069,484,480,479,268,313,190,654,876,675,484,21,505,484,131,95,591,470,506,612,193,835,188,190,190,139,140,140,139,424,444,494,498,502,489,509,523,480,496,578,488,601,661,484,679,675,429,661,427,655,796,268,794,350,783,268,776,291,685,725,132,132,132,131,852,129,860,126,848,95,709,24,697,22,720,290,295,518,505,12,746,12,750,0,752,17,752,313,22,734,307,21,734,307,21,748,21,527,916,492,980,492,1132,492,1146,492,1124,492,1116
20130105-R05-73XX.csv,844,835,772,812,787,171,751,820,531,850,844,787,159,638,751,247,835,751,1251,802,634,801,484,531,850,844,1066,865,724,751,247,802,843,659,793,694,710,836,853,913,848,850,850,851,852,852,851,622,622,672,668,668,639,627,649,634,638,772,728,795,855,724,873,865,713,855,711,845,986,490,992,582,981,484,974,535,887,835,844,844,844,843,820,841,820,836,812,659,171,750,159,752,32,494,499,742,247,752,6,752,2,752,0,751,0,531,750,54,525,751,54,525,751,580,751,867,1106,826,1154,824,1310,824,1320,824,1298,824,1294
20130106-R05-72XX.csv,131,610,577,847,584,708,0,859,312,189,131,584,696,495,0,504,724,22,1068,483,479,478,267,312,189,653,875,674,483,22,504,483,130,94,590,469,505,611,192,834,187,189,189,138,139,139,138,423,443,493,497,501,488,508,522,479,495,577,487,600,660,483,678,674,428,660,426,654,795,267,793,349,782,267,775,290,684,724,131,131,131,130,851,128,859,125,847,94,708,23,696,23,719,289,294,517,504,17,745,17,749,17,751,0,751,312,21,733,306,22,733,306,22,747,22,526,915,491,979,491,1131,491,1145,491,1123,491,1115
20130106-R05-73XX.csv,844,835,772,812,787,171,751,820,531,850,844,787,159,638,751,247,835,751,1251,802,634,801,484,531,850,844,1066,865,724,751,247,802,843,659,793,694,710,836,853,913,848,850,850,851,852,852,851,622,622,672,668,668,639,627,649,634,638,772,728,795,855,724,873,865,713,855,711,845,986,490,992,582,981,484,974,535,887,835,844,844,844,843,820,841,820,836,812,659,171,750,159,752,32,494,499,742,247,752,6,752,2,752,0,751,0,531,750,54,525,751,54,525,751,580,751,867,1106,826,1154,824,1310,824,1320,824,1298,824,1294
20130107-R08-76XX.csv,405,392,357,627,364,488,312,639,0,411,405,364,476,275,312,284,504,312,848,363,259,362,53,0,411,433,655,454,285,312,284,363,404,222,370,257,285,393,414,614,409,411,411,412,413,413,412,203,223,273,277,281,268,288,302,259,275,357,289,380,440,285,458,454,274,440,272,434,575,53,573,143,562,53,555,104,464,504,405,405,405,404,631,402,639,397,627,222,488,311,476,313,499,69,74,211,284,313,525,313,529,313,531,312,531,0,311,513,6,312,513,6,312,527,312,428,695,387,759,385,911,385,925,385,903,385,895
20130108-R05-72XX.csv,132,609,576,846,583,707,21,858,311,188,132,583,695,494,21,503,723,1,1067,482,478,477,266,311,188,652,874,673,482,1,503,482,131,93,589,468,504,610,191,833,186,188,188,139,140,140,139,422,442,492,496,500,487,507,521,478,494,576,486,599,659,482,677,673,427,659,425,653,794,266,792,348,781,266,774,289,683,723,132,132,132,131,850,129,858,124,846,93,707,22,695,24,718,288,293,516,503,22,744,22,748,22,750,21,750,311,0,732,305,1,732,305,1,746,1,527,914,492,978,490,1130,490,1144,490,1122,490,1114
20130108-R05-73XX.csv,826,817,754,802,769,173,733,814,513,832,826,769,161,600,733,233,833,733,1233,784,600,783,466,513,832,826,1048,847,706,733,233,784,825,641,775,676,692,818,835,895,830,832,832,833,834,834,833,604,608,658,654,654,633,617,639,600,600,754,710,773,837,706,855,847,695,837,693,827,964,472,974,564,963,466,956,517,869,833,826,826,826,825,806,823,814,818,802,641,173,732,161,734,34,476,481,724,233,734,52,734,56,734,54,733,54,513,732,0,507,733,0,507,733,538,733,849,1088,808,1140,806,1292,806,1306,806,1284,806,1276
20130108-R08-76XX.csv,399,386,351,621,358,482,306,633,6,405,399,358,470,269,306,278,498,306,842,357,253,356,47,6,405,427,649,448,279,306,278,357,398,216,364,251,279,387,408,608,403,405,405,406,407,407,406,197,217,267,271,275,262,282,296,253,269,351,283,374,434,279,452,448,268,434,266,428,569,47,567,137,556,47,549,98,458,498,399,399,399,398,625,396,633,391,621,216,482,305,470,307,493,63,68,217,278,307,519,307,523,307,525,306,525,6,305,507,0,306,507,0,306,521,306,422,689,381,753,379,905,379,919,379,897,379,889
20130109-R05-72XX.csv,133,610,577,847,584,708,22,859,312,189,133,584,696,495,22,504,724,0,1068,483,479,478,267,312,189,653,875,674,483,0,504,483,132,94,590,469,505,611,192,834,187,189,189,140,141,141,140,423,443,493,497,501,488,508,522,479,495,577,487,600,660,483,678,674,428,660,426,654,795,267,793,349,782,267,775,290,684,724,133,133,133,132,851,130,859,125,847,94,708,23,696,23,719,289,294,517,504,21,745,21,749,21,751,22,751,312,1,733,306,0,733,306,0,747,0,528,915,493,979,491,1131,491,1145,491,1123,491,1115
20130109-R05-73XX.csv,826,817,754,802,769,173,733,814,513,832,826,769,161,600,733,233,833,733,1233,784,600,783,466,513,832,826,1048,847,706,733,233,784,825,641,775,676,692,818,835,895,830,832,832,833,834,834,833,604,608,658,654,654,633,617,639,600,600,754,710,773,837,706,855,847,695,837,693,827,964,472,974,564,963,466,956,517,869,833,826,826,826,825,806,823,814,818,802,641,173,732,161,734,34,476,481,724,233,734,52,734,56,734,54,733,54,513,732,0,507,733,0,507,733,538,733,849,1088,808,1140,806,1292,806,1306,806,1284,806,1276
20130109-R08-76XX.csv,399,386,351,621,358,482,306,633,6,405,399,358,470,269,306,278,498,306,842,357,253,356,47,6,405,427,649,448,279,306,278,357,398,216,364,251,279,387,408,608,403,405,405,406,407,407,406,197,217,267,271,275,262,282,296,253,269,351,283,374,434,279,452,448,268,434,266,428,569,47,567,137,556,47,549,98,458,498,399,399,399,398,625,396,633,391,621,216,482,305,470,307,493,63,68,217,278,307,519,307,523,307,525,306,525,6,305,507,0,306,507,0,306,521,306,422,689,381,753,379,905,379,919,379,897,379,889
20130110-R05-72XX.csv,133,610,577,847,584,708,22,859,312,189,133,584,696,495,22,504,724,0,1068,483,479,478,267,312,189,653,875,674,483,0,504,483,132,94,590,469,505,611,192,834,187,189,189,140,141,141,140,423,443,493,497,501,488,508,522,479,495,577,487,600,660,483,678,674,428,660,426,654,795,267,793,349,782,267,775,290,684,724,133,133,133,132,851,130,859,125,847,94,708,23,696,23,719,289,294,517,504,21,745,21,749,21,751,22,751,312,1,733,306,0,733,306,0,747,0,528,915,493,979,491,1131,491,1145,491,1123,491,1115
20130110-R05-73XX.csv,840,831,764,816,783,573,747,824,527,846,840,783,561,616,747,529,795,747,1203,798,570,797,480,527,846,840,1026,861,720,747,529,798,839,655,789,690,702,832,849,909,844,846,846,847,848,848,847,618,622,672,668,676,671,679,697,570,616,764,724,783,851,720,869,861,709,851,707,841,978,486,988,578,977,480,970,531,883,795,840,840,840,839,820,837,824,832,816,655,573,746,561,748,556,490,495,738,529,748,574,748,578,748,580,747,580,527,746,538,521,747,538,521,747,0,747,863,1066,822,1102,820,1258,820,1268,820,1246,820,1242
20130111-R05-72XX.csv,133,610,577,847,584,708,22,859,312,189,133,584,696,495,22,504,724,0,1068,483,479,478,267,312,189,653,875,674,483,0,504,483,132,94,590,469,505,611,192,834,187,189,189,140,141,141,140,423,443,493,497,501,488,508,522,479,495,577,487,600,660,483,678,674,428,660,426,654,795,267,793,349,782,267,775,290,684,724,133,133,133,132,851,130,859,125,847,94,708,23,696,23,719,289,294,517,504,21,745,21,749,21,751,22,751,312,1,733,306,0,733,306,0,747,0,528,915,493,979,491,1131,491,1145,491,1123,491,1115
20130508-R05-72XX.csv,619,728,693,963,700,824,526,975,428,627,619,700,812,611,526,620,840,528,1184,583,595,582,383,428,627,769,991,790,603,528,620,583,618,522,706,587,621,729,630,950,625,627,627,626,627,627,626,539,559,609,613,617,604,624,638,595,611,693,607,716,776,603,794,790,548,776,546,770,911,383,909,469,898,383,891,394,800,840,619,619,619,618,967,616,975,613,963,522,824,527,812,527,835,405,410,623,620,527,861,527,865,527,867,526,867,428,527,849,422,528,849,422,528,863,528,0,1031,591,1095,591,1247,591,1261,591,1239,591,1231
20130508-R05-73XX.csv,1008,999,916,1160,797,1063,915,1172,695,1014,1008,797,1051,858,915,867,1055,915,1411,966,846,965,648,695,1014,980,40,1001,888,915,867,966,1007,823,801,858,874,1000,1017,1095,1012,1014,1014,1015,1016,1016,1015,758,778,848,848,852,851,867,873,846,858,916,892,927,991,888,997,1001,877,987,875,981,1122,654,1116,746,1113,648,1106,699,1039,1055,1008,1008,1008,1007,1164,1005,1172,1000,1160,823,1063,914,1051,916,1074,654,663,906,867,916,1100,916,1104,916,1106,915,1106,695,914,1088,689,915,1088,689,915,1066,915,1031,0,990,1322,988,1474,988,1488,988,1466,988,1458
20130801-R05-72XX.csv,584,687,652,922,659,783,491,934,387,592,584,659,771,570,491,579,799,493,1143,44,554,41,342,387,592,728,950,749,562,493,579,44,583,485,665,546,580,688,595,909,590,592,592,591,592,592,591,498,518,568,572,576,563,583,597,554,570,652,566,675,735,562,753,749,519,735,517,729,870,342,868,428,857,342,850,365,759,799,584,584,584,583,926,581,934,578,922,485,783,492,771,492,794,364,369,594,579,492,820,492,824,492,826,491,826,387,492,808,381,493,808,381,493,822,493,591,990,0,1054,22,1206,22,1220,22,1198,20,1190
20130801-R05-73XX.csv,1072,1063,988,1270,1015,1115,979,1290,759,1078,1072,1015,1103,918,979,927,1087,979,211,1030,902,1029,712,759,1078,1072,1282,1101,952,979,927,1030,1071,887,1021,922,934,1064,1081,1265,1076,1078,1078,1079,1080,1080,1079,854,874,912,916,920,903,923,937,902,918,988,956,1019,1087,952,1105,1101,941,1083,939,1073,1210,718,1200,810,1153,712,1150,763,1031,1087,1072,1072,1072,1071,1282,1069,1290,1064,1270,887,1115,978,1103,980,1126,722,727,970,927,980,1148,980,1152,980,1154,979,1154,759,978,1140,753,979,1140,753,979,1102,979,1095,1322,1054,0,1052,198,1052,188,1052,184,1052,246
20130802-R05-72XX.csv,584,685,650,920,657,781,491,932,385,590,584,657,769,568,491,577,797,491,1141,42,552,23,340,385,590,726,948,747,560,491,577,42,583,483,663,544,578,686,593,907,588,590,590,591,592,592,591,496,516,566,570,574,561,581,595,552,568,650,564,673,733,560,751,747,517,733,515,727,868,340,866,426,855,340,848,363,757,797,584,584,584,583,924,581,932,576,920,483,781,490,769,492,792,362,367,592,577,492,818,492,822,492,824,491,824,385,490,806,379,491,806,379,491,820,491,591,988,22,1052,0,1204,4,1218,20,1196,20,1188
20130802-R05-73XX.csv,1224,1215,1140,1422,1167,1267,1131,1442,911,1230,1224,1167,1255,1070,1131,1079,1243,1131,73,1182,1054,1181,864,911,1230,1228,1434,1253,1104,1131,1079,1182,1223,1039,1173,1074,1086,1216,1233,1417,1228,1230,1230,1231,1232,1232,1231,1006,1026,1064,1068,1072,1055,1075,1089,1054,1070,1140,1108,1171,1239,1104,1257,1253,1093,1239,1091,1229,1366,870,1356,962,1317,864,1314,915,1195,1243,1224,1224,1224,1223,1434,1221,1442,1216,1422,1039,1267,1130,1255,1132,1278,874,879,1122,1079,1132,1304,1132,1308,1132,1310,1131,1310,911,1130,1292,905,1131,1292,905,1131,1258,1131,1247,1474,1206,198,1204,0,1204,14,1204,22,1204,86
20130803-R05-72XX.csv,584,685,650,920,657,781,491,932,385,590,584,657,769,568,491,577,797,491,1141,38,552,27,340,385,590,726,948,747,560,491,577,38,583,483,663,544,578,686,593,907,588,590,590,591,592,592,591,496,516,566,570,574,561,581,595,552,568,650,564,673,733,560,751,747,517,733,515,727,868,340,866,426,855,340,848,363,757,797,584,584,584,583,924,581,932,576,920,483,781,490,769,492,792,362,367,592,577,492,818,492,822,492,824,491,824,385,490,806,379,491,806,379,491,820,491,591,988,22,1052,4,1204,0,1218,18,1196,20,1188
20130803-R05-73XX.csv,1238,1229,1154,1436,1181,1281,1145,1456,925,1244,1238,1181,1269,1084,1145,1093,1253,1145,83,1196,1068,1195,878,925,1244,1242,1448,1267,1118,1145,1093,1196,1237,1053,1187,1088,1100,1230,1247,1431,1242,1244,1244,1245,1246,1246,1245,1020,1040,1078,1082,1086,1069,1089,1103,1068,1084,1154,1122,1185,1253,1118,1271,1267,1107,1253,1105,1243,1380,884,1370,976,1331,878,1328,929,1209,1253,1238,1238,1238,1237,1448,1235,1456,1230,1436,1053,1281,1144,1269,1146,1292,888,893,1136,1093,1146,1314,1146,1318,1146,1320,1145,1320,925,1144,1306,919,1145,1306,919,1145,1268,1145,1261,1488,1220,188,1218,14,1218,0,1218,28,1218,96
20130804-R05-72XX.csv,584,685,650,920,657,781,491,932,385,590,584,657,769,568,491,577,797,491,1141,22,552,39,340,385,590,726,948,747,560,491,577,22,583,483,663,544,578,686,593,907,588,590,590,591,592,592,591,496,516,566,570,574,561,581,595,552,568,650,564,673,733,560,751,747,517,733,515,727,868,340,866,426,855,340,848,363,757,797,584,584,584,583,924,581,932,576,920,483,781,490,769,492,792,362,367,592,577,492,818,492,822,492,824,491,824,385,490,806,379,491,806,379,491,820,491,591,988,22,1052,20,1204,18,1218,0,1196,4,1188
20130804-R05-73XX.csv,1216,1207,1132,1414,1159,1259,1123,1434,903,1222,1216,1159,1247,1062,1123,1071,1235,1123,55,1174,1046,1173,856,903,1222,1220,1426,1245,1096,1123,1071,1174,1215,1031,1165,1066,1078,1208,1225,1409,1220,1222,1222,1223,1224,1224,1223,998,1018,1056,1060,1064,1047,1067,1081,1046,1062,1132,1100,1163,1231,1096,1249,1245,1085,1231,1083,1221,1358,862,1348,954,1309,856,1306,907,1187,1235,1216,1216,1216,1215,1426,1213,1434,1208,1414,1031,1259,1122,1247,1124,1270,866,871,1114,1071,1124,1292,1124,1296,1124,1298,1123,1298,903,1122,1284,897,1123,1284,897,1123,1246,1123,1239,1466,1198,184,1196,22,1196,28,1196,0,1196,68
20130805-R05-72XX.csv,584,685,650,920,657,781,491,932,385,590,584,657,769,568,491,577,797,491,1141,26,552,39,340,385,590,726,948,747,560,491,577,26,583,483,663,544,578,686,593,907,588,590,590,591,592,592,591,496,516,566,570,574,561,581,595,552,568,650,564,673,733,560,751,747,517,733,515,727,868,340,866,426,855,340,848,363,757,797,584,584,584,583,924,581,932,576,920,483,781,490,769,492,792,362,367,592,577,492,818,492,822,492,824,491,824,385,490,806,379,491,806,379,491,820,491,591,988,20,1052,20,1204,20,1218,4,1196,0,1188
20130805-R05-73XX.csv,1208,1199,1124,1406,1151,1251,1115,1426,895,1214,1208,1151,1239,1054,1115,1063,1231,1115,117,1166,1038,1165,848,895,1214,1212,1418,1237,1088,1115,1063,1166,1207,1023,1157,1058,1070,1200,1217,1401,1212,1214,1214,1215,1216,1216,1215,990,1010,1048,1052,1056,1039,1059,1073,1038,1054,1124,1092,1155,1223,1088,1241,1237,1077,1223,1075,1213,1350,854,1340,946,1301,848,1298,899,1179,1231,1208,1208,1208,1207,1418,1205,1426,1200,1406,1023,1251,1114,1239,1116,1262,858,863,1106,1063,1116,1288,1116,1292,1116,1294,1115,1294,895,1114,1276,889,1115,1276,889,1115,1242,1115,1231,1458,1190,246,1188,86,1188,96,1188,68,1188,0
