"SPE号","ATM数据","百分比","适配层/百分比例","VPI/VCI","承载格式","协议/端口","比例","主要IP","主要用户"
"第2个STS SPE(45M)","有效数据","AAL数量: 156645824字节, 比例: 3.39%","AAL2数量: 86691750字节, 比例: 55.34%","0000: 00A0; CID编号: 11","(2012-6-25)标准AAL2; CID承载业务G711 PCM U律","","数量：193045648字节, 比例：9.28% ","",""
"第2个STS SPE(45M)","有效数据","AAL数量: 156645824字节, 比例: 3.39%","AAL2数量: 86691750字节, 比例: 55.34%","0000: 173B; CID编号: 11","(2012-6-25)标准AAL2; CID承载业务G711 PCM U律","","数量：192754336字节, 比例：9.26% ","",""
"第2个STS SPE(45M)","有效数据","AAL数量: 156645824字节, 比例: 3.39%","AAL2数量: 86691750字节, 比例: 55.34%","0000: 009E; CID编号: 11","(2012-6-25)标准AAL2; CID承载业务G729","","数量：30623134字节, 比例：1.47% ","",""
"第2个STS SPE(45M)","有效数据","AAL数量: 156645824字节, 比例: 3.39%","AAL2数量: 86691750字节, 比例: 55.34%","0000: 009E; CID编号: 12","(2012-6-25)标准AAL2; CID承载业务G729","","数量：30619380字节, 比例：1.47% ","",""
"第2个STS SPE(45M)","有效数据","AAL数量: 156645824字节, 比例: 3.39%","AAL2数量: 86691750字节, 比例: 55.34%","0000: 009B; CID编号: 11","(2012-6-25)标准AAL2; CID承载业务G729","","数量：30544940字节, 比例：1.47% ","",""
"第2个STS SPE(45M)","有效数据","AAL数量: 156645824字节, 比例: 3.39%","AAL2数量: 86691750字节, 比例: 55.34%","0000: 009F; CID编号: 11","(2012-6-25)标准AAL2; CID承载业务G711 PCM U律","","数量：192984308字节, 比例：9.28% ","",""
"第2个STS SPE(45M)","有效数据","AAL数量: 156645824字节, 比例: 3.39%","AAL2数量: 86691750字节, 比例: 55.34%","0000: 00A1; CID编号: 11","(2012-6-25)标准AAL2; CID承载业务G711 PCM U律","","数量：193030728字节, 比例：9.28% ","",""
"第2个STS SPE(45M)","有效数据","AAL数量: 156645824字节, 比例: 3.39%","AAL2数量: 86691750字节, 比例: 55.34%","0000: 008D; CID编号: 11","(2012-6-25)标准AAL2; CID承载业务G711 PCM U律","","数量：193022184字节, 比例：9.28% ","",""
"第2个STS SPE(45M)","有效数据","AAL数量: 156645824字节, 比例: 3.39%","AAL2数量: 86691750字节, 比例: 55.34%","0000: 0092; CID编号: 11","(2012-6-25)标准AAL2; CID承载业务G729","","数量：30551572字节, 比例：1.47% ","",""
"第2个STS SPE(45M)","有效数据","AAL数量: 156645824字节, 比例: 3.39%","AAL2数量: 86691750字节, 比例: 55.34%","0000: 008E; CID编号: 11","(2012-6-25)标准AAL2; CID承载业务G711 PCM U律","","数量：193000272字节, 比例：9.28% ","",""
"第2个STS SPE(45M)","有效数据","AAL数量: 156645824字节, 比例: 3.39%","AAL2数量: 86691750字节, 比例: 55.34%","0000: 00A4; CID编号: 11","(2012-6-25)标准AAL2; CID承载业务G711 PCM U律","","数量：193011372字节, 比例：9.28% ","",""
"第2个STS SPE(45M)","有效数据","AAL数量: 156645824字节, 比例: 3.39%","AAL2数量: 86691750字节, 比例: 55.34%","0000: 3CB0; CID编号: 11","(2012-6-25)标准AAL2; CID承载业务G729","","数量：30551034字节, 比例：1.47% ","",""
"第2个STS SPE(45M)","有效数据","AAL数量: 156645824字节, 比例: 3.39%","AAL2数量: 86691750字节, 比例: 55.34%","0000: 008C; CID编号: 11","(2012-6-25)标准AAL2; CID承载业务G711 PCM U律","","数量：193030000字节, 比例：9.28% ","",""
"第2个STS SPE(45M)","有效数据","AAL数量: 156645824字节, 比例: 3.39%","AAL2数量: 86691750字节, 比例: 55.34%","0000: 3CB3; CID编号: 11","(2012-6-25)标准AAL2; CID承载业务G729","","数量：30521912字节, 比例：1.47% ","",""
"第2个STS SPE(45M)","有效数据","AAL数量: 156645824字节, 比例: 3.39%","AAL2数量: 86691750字节, 比例: 55.34%","0000: 3CB1; CID编号: 11","(2012-6-25)标准AAL2; CID承载业务G729","","数量：30526978字节, 比例：1.47% ","",""
"第2个STS SPE(45M)","有效数据","AAL数量: 156645824字节, 比例: 3.39%","AAL2数量: 86691750字节, 比例: 55.34%","0000: 3C93; CID编号: 11","(2012-6-25)标准AAL2; CID承载业务G729","","数量：30518596字节, 比例：1.47% ","",""
"第2个STS SPE(45M)","有效数据","AAL数量: 156645824字节, 比例: 3.39%","AAL2数量: 86691750字节, 比例: 55.34%","0000: 0098; CID编号: 11","(2012-6-25)标准AAL2; CID承载业务G729","","数量：30553580字节, 比例：1.47% ","",""
"第2个STS SPE(45M)","有效数据","AAL数量: 156645824字节, 比例: 3.39%","AAL2数量: 86691750字节, 比例: 55.34%","0000: 00A3; CID编号: 11","(2012-6-25)标准AAL2; CID承载业务G729","","数量：30554092字节, 比例：1.47% ","",""
"第2个STS SPE(45M)","有效数据","AAL数量: 156645824字节, 比例: 3.39%","AAL2数量: 86691750字节, 比例: 55.34%","0000: 0099; CID编号: 11","(2012-6-25)标准AAL2; CID承载业务G729","","数量：30551872字节, 比例：1.47% ","",""
"第2个STS SPE(45M)","有效数据","AAL数量: 156645824字节, 比例: 3.39%","AAL2数量: 86691750字节, 比例: 55.34%","0000: 00A2; CID编号: 11","(2012-6-25)标准AAL2; CID承载业务G729","","数量：30551544字节, 比例：1.47% ","",""
"第2个STS SPE(45M)","有效数据","AAL数量: 156645824字节, 比例: 3.39%","AAL2数量: 86691750字节, 比例: 55.34%","0000: 0093; CID编号: 11","(2012-6-25)标准AAL2; CID承载业务G729","","数量：30553910字节, 比例：1.47% ","",""
"第2个STS SPE(45M)","有效数据","AAL数量: 156645824字节, 比例: 3.39%","AAL2数量: 86691750字节, 比例: 55.34%","0000: 390A; CID编号: 11","(2012-6-25)标准AAL2; CID承载业务G729","","数量：30526216字节, 比例：1.47% ","",""
"第2个STS SPE(45M)","有效数据","AAL数量: 156645824字节, 比例: 3.39%","AAL2数量: 86691750字节, 比例: 55.34%","0000: 1739; CID编号: 11","(2012-6-25)标准AAL2; CID承载业务G729","","数量：30526864字节, 比例：1.47% ","",""
"第2个STS SPE(45M)","有效数据","AAL数量: 156645824字节, 比例: 3.39%","AAL2数量: 86691750字节, 比例: 55.34%","0000: 3CB2; CID编号: 11","(2012-6-25)标准AAL2; CID承载业务G729","","数量：30524240字节, 比例：1.47% ","",""
"第2个STS SPE(45M)","有效数据","AAL数量: 156645824字节, 比例: 3.39%","AAL2数量: 86691750字节, 比例: 55.34%","0000: 0097; CID编号: 11","(2012-6-25)标准AAL2; CID承载业务G729","","数量：30545226字节, 比例：1.47% ","",""
"第2个STS SPE(45M)","有效数据","AAL数量: 156645824字节, 比例: 3.39%","AAL2数量: 86691750字节, 比例: 55.34%","0000: 00A0; CID编号: 11","(2012-6-25)标准AAL2; CID承载业务G711 PCM U律","","数量：193045648字节, 比例：9.28% ","",""
"第2个STS SPE(45M)","有效数据","AAL数量: 156645824字节, 比例: 3.39%","AAL2数量: 86691750字节, 比例: 55.34%","0000: 173B; CID编号: 11","(2012-6-25)标准AAL2; CID承载业务G711 PCM U律","","数量：192754336字节, 比例：9.26% ","",""
"第2个STS SPE(45M)","有效数据","AAL数量: 156645824字节, 比例: 3.39%","AAL2数量: 86691750字节, 比例: 55.34%","0000: 009E; CID编号: 11","(2012-6-25)标准AAL2; CID承载业务G729","","数量：30623134字节, 比例：1.47% ","",""
"第2个STS SPE(45M)","有效数据","AAL数量: 156645824字节, 比例: 3.39%","AAL2数量: 86691750字节, 比例: 55.34%","0000: 009E; CID编号: 12","(2012-6-25)标准AAL2; CID承载业务G729","","数量：30619380字节, 比例：1.47% ","",""
"第2个STS SPE(45M)","有效数据","AAL数量: 156645824字节, 比例: 3.39%","AAL2数量: 86691750字节, 比例: 55.34%","0000: 009B; CID编号: 11","(2012-6-25)标准AAL2; CID承载业务G729","","数量：30544940字节, 比例：1.47% ","",""
"第2个STS SPE(45M)","有效数据","AAL数量: 156645824字节, 比例: 3.39%","AAL2数量: 86691750字节, 比例: 55.34%","0000: 009F; CID编号: 11","(2012-6-25)标准AAL2; CID承载业务G711 PCM U律","","数量：192984308字节, 比例：9.28% ","",""
"第2个STS SPE(45M)","有效数据","AAL数量: 156645824字节, 比例: 3.39%","AAL2数量: 86691750字节, 比例: 55.34%","0000: 00A1; CID编号: 11","(2012-6-25)标准AAL2; CID承载业务G711 PCM U律","","数量：193030728字节, 比例：9.28% ","",""
"第2个STS SPE(45M)","有效数据","AAL数量: 156645824字节, 比例: 3.39%","AAL2数量: 86691750字节, 比例: 55.34%","0000: 008D; CID编号: 11","(2012-6-25)标准AAL2; CID承载业务G711 PCM U律","","数量：193022184字节, 比例：9.28% ","",""
"第2个STS SPE(45M)","有效数据","AAL数量: 156645824字节, 比例: 3.39%","AAL2数量: 86691750字节, 比例: 55.34%","0000: 0092; CID编号: 11","(2012-6-25)标准AAL2; CID承载业务G729","","数量：30551572字节, 比例：1.47% ","",""
"第2个STS SPE(45M)","有效数据","AAL数量: 156645824字节, 比例: 3.39%","AAL2数量: 86691750字节, 比例: 55.34%","0000: 008E; CID编号: 11","(2012-6-25)标准AAL2; CID承载业务G711 PCM U律","","数量：193000272字节, 比例：9.28% ","",""
"第2个STS SPE(45M)","有效数据","AAL数量: 156645824字节, 比例: 3.39%","AAL2数量: 86691750字节, 比例: 55.34%","0000: 00A4; CID编号: 11","(2012-6-25)标准AAL2; CID承载业务G711 PCM U律","","数量：193011372字节, 比例：9.28% ","",""
"第2个STS SPE(45M)","有效数据","AAL数量: 156645824字节, 比例: 3.39%","AAL2数量: 86691750字节, 比例: 55.34%","0000: 3CB0; CID编号: 11","(2012-6-25)标准AAL2; CID承载业务G729","","数量：30551034字节, 比例：1.47% ","",""
"第2个STS SPE(45M)","有效数据","AAL数量: 156645824字节, 比例: 3.39%","AAL2数量: 86691750字节, 比例: 55.34%","0000: 008C; CID编号: 11","(2012-6-25)标准AAL2; CID承载业务G711 PCM U律","","数量：193030000字节, 比例：9.28% ","",""
"第2个STS SPE(45M)","有效数据","AAL数量: 156645824字节, 比例: 3.39%","AAL2数量: 86691750字节, 比例: 55.34%","0000: 3CB3; CID编号: 11","(2012-6-25)标准AAL2; CID承载业务G729","","数量：30521912字节, 比例：1.47% ","",""
"第2个STS SPE(45M)","有效数据","AAL数量: 156645824字节, 比例: 3.39%","AAL2数量: 86691750字节, 比例: 55.34%","0000: 3CB1; CID编号: 11","(2012-6-25)标准AAL2; CID承载业务G729","","数量：30526978字节, 比例：1.47% ","",""
"第2个STS SPE(45M)","有效数据","AAL数量: 156645824字节, 比例: 3.39%","AAL2数量: 86691750字节, 比例: 55.34%","0000: 3C93; CID编号: 11","(2012-6-25)标准AAL2; CID承载业务G729","","数量：30518596字节, 比例：1.47% ","",""
"第2个STS SPE(45M)","有效数据","AAL数量: 156645824字节, 比例: 3.39%","AAL2数量: 86691750字节, 比例: 55.34%","0000: 0098; CID编号: 11","(2012-6-25)标准AAL2; CID承载业务G729","","数量：30553580字节, 比例：1.47% ","",""
"第2个STS SPE(45M)","有效数据","AAL数量: 156645824字节, 比例: 3.39%","AAL2数量: 86691750字节, 比例: 55.34%","0000: 00A3; CID编号: 11","(2012-6-25)标准AAL2; CID承载业务G729","","数量：30554092字节, 比例：1.47% ","",""
"第2个STS SPE(45M)","有效数据","AAL数量: 156645824字节, 比例: 3.39%","AAL2数量: 86691750字节, 比例: 55.34%","0000: 0099; CID编号: 11","(2012-6-25)标准AAL2; CID承载业务G729","","数量：30551872字节, 比例：1.47% ","",""
"第2个STS SPE(45M)","有效数据","AAL数量: 156645824字节, 比例: 3.39%","AAL2数量: 86691750字节, 比例: 55.34%","0000: 00A2; CID编号: 11","(2012-6-25)标准AAL2; CID承载业务G729","","数量：30551544字节, 比例：1.47% ","",""
"第2个STS SPE(45M)","有效数据","AAL数量: 156645824字节, 比例: 3.39%","AAL2数量: 86691750字节, 比例: 55.34%","0000: 0093; CID编号: 11","(2012-6-25)标准AAL2; CID承载业务G729","","数量：30553910字节, 比例：1.47% ","",""
"第2个STS SPE(45M)","有效数据","AAL数量: 156645824字节, 比例: 3.39%","AAL2数量: 86691750字节, 比例: 55.34%","0000: 390A; CID编号: 11","(2012-6-25)标准AAL2; CID承载业务G729","","数量：30526216字节, 比例：1.47% ","",""
"第2个STS SPE(45M)","有效数据","AAL数量: 156645824字节, 比例: 3.39%","AAL2数量: 86691750字节, 比例: 55.34%","0000: 1739; CID编号: 11","(2012-6-25)标准AAL2; CID承载业务G729","","数量：30526864字节, 比例：1.47% ","",""
"第2个STS SPE(45M)","有效数据","AAL数量: 156645824字节, 比例: 3.39%","AAL2数量: 86691750字节, 比例: 55.34%","0000: 3CB2; CID编号: 11","(2012-6-25)标准AAL2; CID承载业务G729","","数量：30524240字节, 比例：1.47% ","",""
"第2个STS SPE(45M)","有效数据","AAL数量: 156645824字节, 比例: 3.39%","AAL2数量: 86691750字节, 比例: 55.34%","0000: 0097; CID编号: 11","(2012-6-25)标准AAL2; CID承载业务G729","","数量：30545226字节, 比例：1.47% ","",""
"第2个STS SPE(45M)","有效数据","AAL数量: 156645824字节, 比例: 3.39%","AAL5数量: 69954074字节, 比例: 44.66%","0000: 004F","(2012-6-25)AAL5 IP",""," 数量：1615562112字节, 比例：96.23%","",""
"第2个STS SPE(45M)","有效数据","AAL数量: 156645824字节, 比例: 3.39%","AAL5数量: 69954074字节, 比例: 44.66%","0000: 004E","(2012-6-25)TCP 数量：6661419字节, 比例：49.82%;  UDP 数量：1096640字节, 比例：8.20%; ICMP数量：2402329字节, 比例：17.97%; 其他数量：3211026字节, 比例：24.01%","TCP: 2600"," 数量：6661419字节, 比例：49.82%","TCP 源地址：10.54.216.221, 目的地址：10.67.220.22; ",""
"第2个STS SPE(45M)","有效数据","AAL数量: 156645824字节, 比例: 3.39%","AAL5数量: 69954074字节, 比例: 44.66%","0000: 004E","(2012-6-25)TCP 数量：6661419字节, 比例：49.82%;  UDP 数量：1096640字节, 比例：8.20%; ICMP数量：2402329字节, 比例：17.97%; 其他数量：3211026字节, 比例：24.01%"," UDP: 161"," 数量：1096640字节, 比例：8.20%","UDP 源地址：10.183.240.240, 目的地址：10.183.242.121; UDP 源地址：10.183.240.240, 目的地址：10.183.242.121; UDP 源地址：10.183.240.240, 目的地址：10.183.242.123; UDP 源地址：10.183.240.240, 目的地址：10.183.242.121; UDP 源地址：10.183.240.240, 目的地址：10.183.242.123; UDP 源地址：10.183.240.240, 目的地址：10.183.242.121; UDP 源地址：10.183.240.240, 目的地址：10.183.242.123; UDP 源地址：10.183.240.240, 目的地址：10.183.242.121; UDP 源地址：10.183.240.240, 目的地址：10.183.242.123; UDP 源地址：10.183.240.240, 目的地址：10.183.242.123; UDP 源地址：10.183.240.240, 目的地址：10.183.242.123; UDP 源地址：10.183.240.240, 目的地址：10.183.242.123; UDP 源地址：10.183.240.240, 目的地址：10.183.242.121; UDP 源地址：10.183.240.240, 目的地址：10.183.242.121; UDP 源地址：10.54.135.254, 目的地址：10.65.128.201; UDP 源地址：10.54.135.254, 目的地址：10.65.128.203; UDP 源地址：10.183.176.240, 目的地址：10.183.242.123; UDP 源地址：10.183.240.240, 目的地址：10.183.242.123; UDP 源地址：10.182.112.240, 目的地址：10.183.242.75; UDP 源地址：10.183.240.241, 目的地址：10.183.242.122; ",""
"第2个STS SPE(45M)","有效数据","AAL数量: 156645824字节, 比例: 3.39%","AAL5数量: 69954074字节, 比例: 44.66%","0000: 004E","(2012-6-25)TCP 数量：6661419字节, 比例：49.82%;  UDP 数量：1096640字节, 比例：8.20%; ICMP数量：2402329字节, 比例：17.97%; 其他数量：3211026字节, 比例：24.01%"," UDP: 1526"," 数量： 1096640字节, 比例：8.20%","UDP 源地址：10.54.216.221, 目的地址：10.67.220.44; ",""
"第2个STS SPE(45M)","有效数据","AAL数量: 156645824字节, 比例: 3.39%","AAL5数量: 69954074字节, 比例: 44.66%","0000: 004E","(2012-6-25)TCP 数量：6661419字节, 比例：49.82%;  UDP 数量：1096640字节, 比例：8.20%; ICMP数量：2402329字节, 比例：17.97%; 其他数量：3211026字节, 比例：24.01%"," UDP: 3636"," 数量： 1096640字节, 比例：8.20%","UDP 源地址：10.54.216.221, 目的地址：10.67.220.28; ",""
"第2个STS SPE(45M)","有效数据","AAL数量: 156645824字节, 比例: 3.39%","AAL5数量: 69954074字节, 比例: 44.66%","0000: 004E","(2012-6-25)TCP 数量：6661419字节, 比例：49.82%;  UDP 数量：1096640字节, 比例：8.20%; ICMP数量：2402329字节, 比例：17.97%; 其他数量：3211026字节, 比例：24.01%"," UDP: 2683"," 数量： 1096640字节, 比例：8.20%","UDP 源地址：10.54.216.221, 目的地址：10.67.220.104; ",""
"第2个STS SPE(45M)","有效数据","AAL数量: 156645824字节, 比例: 3.39%","AAL5数量: 69954074字节, 比例: 44.66%","0000: 004E","(2012-6-25)TCP 数量：6661419字节, 比例：49.82%;  UDP 数量：1096640字节, 比例：8.20%; ICMP数量：2402329字节, 比例：17.97%; 其他数量：3211026字节, 比例：24.01%"," UDP: 1029"," 数量： 1096640字节, 比例：8.20%","UDP 源地址：10.54.216.221, 目的地址：10.65.216.48; UDP 源地址：10.54.216.221, 目的地址：10.65.216.48; ",""
"第2个STS SPE(45M)","有效数据","AAL数量: 156645824字节, 比例: 3.39%","AAL5数量: 69954074字节, 比例: 44.66%","0000: 004E","(2012-6-25)TCP 数量：6661419字节, 比例：49.82%;  UDP 数量：1096640字节, 比例：8.20%; ICMP数量：2402329字节, 比例：17.97%; 其他数量：3211026字节, 比例：24.01%"," UDP: 389"," 数量： 1096640字节, 比例：8.20%","UDP 源地址：10.54.216.26, 目的地址：10.67.220.221; UDP 源地址：10.54.216.26, 目的地址：10.67.220.221; UDP 源地址：10.54.216.26, 目的地址：10.67.220.221; UDP 源地址：10.54.216.10, 目的地址：10.67.220.221; UDP 源地址：10.54.216.10, 目的地址：10.67.220.221; UDP 源地址：10.54.216.10, 目的地址：10.67.220.221; UDP 源地址：10.54.216.10, 目的地址：10.67.220.221; UDP 源地址：10.54.216.34, 目的地址：10.67.220.221; UDP 源地址：10.54.216.110, 目的地址：10.67.220.221; UDP 源地址：10.54.216.64, 目的地址：10.67.220.221; UDP 源地址：10.54.216.64, 目的地址：10.67.220.221; UDP 源地址：10.54.216.4, 目的地址：10.67.220.221; UDP 源地址：10.54.216.4, 目的地址：10.67.220.221; UDP 源地址：10.54.216.4, 目的地址：10.67.220.221; UDP 源地址：10.54.216.26, 目的地址：10.67.220.221; UDP 源地址：10.54.216.10, 目的地址：10.67.220.221; UDP 源地址：10.54.216.10, 目的地址：10.67.220.221; UDP 源地址：10.54.216.122, 目的地址：10.67.220.221; UDP 源地址：10.54.216.122, 目的地址：10.67.220.221; UDP 源地址：10.54.216.220, 目的地址：10.67.220.221; ",""
"第2个STS SPE(45M)","有效数据","AAL数量: 156645824字节, 比例: 3.39%","AAL5数量: 69954074字节, 比例: 44.66%","0000: 004E","(2012-6-25)TCP 数量：6661419字节, 比例：49.82%;  UDP 数量：1096640字节, 比例：8.20%; ICMP数量：2402329字节, 比例：17.97%; 其他数量：3211026字节, 比例：24.01%"," UDP: 88"," 数量： 1096640字节, 比例：8.20%","UDP 源地址：10.54.216.104, 目的地址：10.67.220.221; UDP 源地址：10.54.216.104, 目的地址：10.67.220.221; UDP 源地址：10.54.216.104, 目的地址：10.67.220.221; UDP 源地址：10.54.216.104, 目的地址：10.67.220.221; UDP 源地址：10.54.216.104, 目的地址：10.67.220.221; UDP 源地址：10.54.216.104, 目的地址：10.67.220.221; UDP 源地址：10.54.216.104, 目的地址：10.67.220.221; UDP 源地址：10.54.216.104, 目的地址：10.67.220.221; UDP 源地址：10.54.216.104, 目的地址：10.67.220.221; UDP 源地址：10.54.216.104, 目的地址：10.67.220.221; UDP 源地址：10.54.216.104, 目的地址：10.67.220.221; UDP 源地址：10.54.216.104, 目的地址：10.67.220.221; ",""
"第2个STS SPE(45M)","有效数据","AAL数量: 156645824字节, 比例: 3.39%","AAL5数量: 69954074字节, 比例: 44.66%","0000: 004E","(2012-6-25)TCP 数量：6661419字节, 比例：49.82%;  UDP 数量：1096640字节, 比例：8.20%; ICMP数量：2402329字节, 比例：17.97%; 其他数量：3211026字节, 比例：24.01%"," UDP: 2335"," 数量： 1096640字节, 比例：8.20%","UDP 源地址：10.54.216.221, 目的地址：10.67.220.20; ",""
"第2个STS SPE(45M)","有效数据","AAL数量: 156645824字节, 比例: 3.39%","AAL5数量: 69954074字节, 比例: 44.66%","0000: 004E","(2012-6-25)TCP 数量：6661419字节, 比例：49.82%;  UDP 数量：1096640字节, 比例：8.20%; ICMP数量：2402329字节, 比例：17.97%; 其他数量：3211026字节, 比例：24.01%"," UDP: 2143"," 数量： 1096640字节, 比例：8.20%","UDP 源地址：10.54.216.221, 目的地址：10.67.220.80; ",""
"第2个STS SPE(45M)","有效数据","AAL数量: 156645824字节, 比例: 3.39%","AAL5数量: 69954074字节, 比例: 44.66%","0000: 004E","(2012-6-25)TCP 数量：6661419字节, 比例：49.82%;  UDP 数量：1096640字节, 比例：8.20%; ICMP数量：2402329字节, 比例：17.97%; 其他数量：3211026字节, 比例：24.01%"," UDP: 2691"," 数量： 1096640字节, 比例：8.20%","UDP 源地址：10.54.216.221, 目的地址：10.67.220.22; ",""
"第2个STS SPE(45M)","有效数据","AAL数量: 156645824字节, 比例: 3.39%","AAL5数量: 69954074字节, 比例: 44.66%","0000: 004E","(2012-6-25)TCP 数量：6661419字节, 比例：49.82%;  UDP 数量：1096640字节, 比例：8.20%; ICMP数量：2402329字节, 比例：17.97%; 其他数量：3211026字节, 比例：24.01%"," UDP: 2338"," 数量： 1096640字节, 比例：8.20%","UDP 源地址：10.54.216.221, 目的地址：10.67.220.228; ",""
"第2个STS SPE(45M)","有效数据","AAL数量: 156645824字节, 比例: 3.39%","AAL5数量: 69954074字节, 比例: 44.66%","0000: 004E","(2012-6-25)TCP 数量：6661419字节, 比例：49.82%;  UDP 数量：1096640字节, 比例：8.20%; ICMP数量：2402329字节, 比例：17.97%; 其他数量：3211026字节, 比例：24.01%"," UDP: 2735"," 数量： 1096640字节, 比例：8.20%","UDP 源地址：10.54.216.221, 目的地址：10.65.216.80; ",""
"第2个STS SPE(45M)","有效数据","AAL数量: 156645824字节, 比例: 3.39%","AAL5数量: 69954074字节, 比例: 44.66%","0000: 004E","(2012-6-25)TCP 数量：6661419字节, 比例：49.82%;  UDP 数量：1096640字节, 比例：8.20%; ICMP数量：2402329字节, 比例：17.97%; 其他数量：3211026字节, 比例：24.01%"," UDP: 2251"," 数量： 1096640字节, 比例：8.20%","UDP 源地址：10.54.216.221, 目的地址：10.65.216.24; ",""
"第2个STS SPE(45M)","有效数据","AAL数量: 156645824字节, 比例: 3.39%","AAL5数量: 69954074字节, 比例: 44.66%","0000: 004E","(2012-6-25)TCP 数量：6661419字节, 比例：49.82%;  UDP 数量：1096640字节, 比例：8.20%; ICMP数量：2402329字节, 比例：17.97%; 其他数量：3211026字节, 比例：24.01%"," UDP: 1176"," 数量： 1096640字节, 比例：8.20%","UDP 源地址：10.54.216.221, 目的地址：10.67.220.34; ",""
"第2个STS SPE(45M)","有效数据","AAL数量: 156645824字节, 比例: 3.39%","AAL5数量: 69954074字节, 比例: 44.66%","0000: 004E","(2012-6-25)TCP 数量：6661419字节, 比例：49.82%;  UDP 数量：1096640字节, 比例：8.20%; ICMP数量：2402329字节, 比例：17.97%; 其他数量：3211026字节, 比例：24.01%"," UDP: 3920"," 数量： 1096640字节, 比例：8.20%","UDP 源地址：10.54.216.221, 目的地址：10.67.220.122; ",""
"第2个STS SPE(45M)","有效数据","AAL数量: 156645824字节, 比例: 3.39%","AAL5数量: 69954074字节, 比例: 44.66%","0000: 004E","(2012-6-25)TCP 数量：6661419字节, 比例：49.82%;  UDP 数量：1096640字节, 比例：8.20%; ICMP数量：2402329字节, 比例：17.97%; 其他数量：3211026字节, 比例：24.01%"," UDP: 1217"," 数量： 1096640字节, 比例：8.20%","UDP 源地址：10.54.216.221, 目的地址：10.67.220.106; ",""
"第2个STS SPE(45M)","有效数据","AAL数量: 156645824字节, 比例: 3.39%","AAL5数量: 69954074字节, 比例: 44.66%","0000: 004E","(2012-6-25)TCP 数量：6661419字节, 比例：49.82%;  UDP 数量：1096640字节, 比例：8.20%; ICMP数量：2402329字节, 比例：17.97%; 其他数量：3211026字节, 比例：24.01%"," UDP: 4350"," 数量： 1096640字节, 比例：8.20%","UDP 源地址：10.54.216.221, 目的地址：10.67.220.62; ",""
"第2个STS SPE(45M)","有效数据","AAL数量: 156645824字节, 比例: 3.39%","AAL5数量: 69954074字节, 比例: 44.66%","0000: 004E","(2012-6-25)TCP 数量：6661419字节, 比例：49.82%;  UDP 数量：1096640字节, 比例：8.20%; ICMP数量：2402329字节, 比例：17.97%; 其他数量：3211026字节, 比例：24.01%"," UDP: 2682"," 数量： 1096640字节, 比例：8.20%","UDP 源地址：10.54.216.221, 目的地址：10.67.220.104; ",""
"第2个STS SPE(45M)","有效数据","AAL数量: 156645824字节, 比例: 3.39%","AAL5数量: 69954074字节, 比例: 44.66%","0000: 004E","(2012-6-25)TCP 数量：6661419字节, 比例：49.82%;  UDP 数量：1096640字节, 比例：8.20%; ICMP数量：2402329字节, 比例：17.97%; 其他数量：3211026字节, 比例：24.01%"," UDP: 2566"," 数量： 1096640字节, 比例：8.20%","UDP 源地址：10.54.216.221, 目的地址：10.67.220.132; ",""
"第2个STS SPE(45M)","有效数据","AAL数量: 156645824字节, 比例: 3.39%","AAL5数量: 69954074字节, 比例: 44.66%","0000: 004E","(2012-6-25)TCP 数量：6661419字节, 比例：49.82%;  UDP 数量：1096640字节, 比例：8.20%; ICMP数量：2402329字节, 比例：17.97%; 其他数量：3211026字节, 比例：24.01%"," UDP: 2370"," 数量： 1096640字节, 比例：8.20%","UDP 源地址：10.54.216.221, 目的地址：10.67.220.92; ",""
"第2个STS SPE(45M)","有效数据","AAL数量: 156645824字节, 比例: 3.39%","AAL5数量: 69954074字节, 比例: 44.66%","0000: 004E","(2012-6-25)TCP 数量：6661419字节, 比例：49.82%;  UDP 数量：1096640字节, 比例：8.20%; ICMP数量：2402329字节, 比例：17.97%; 其他数量：3211026字节, 比例：24.01%"," ICMP "," 数量： 2402329字节, 比例：17.97%","ICMP 源地址：10.54.151.123, 目的地址：10.37.144.18; ICMP 源地址：10.17.51.197, 目的地址：10.4.26.2; ICMP 源地址：8.54.216.220, 目的地址：8.67.220.19; ICMP 源地址：10.54.151.123, 目的地址：6.37.144.18; ICMP 源地址：10.54.151.51, 目的地址：14.165.144.18; ICMP 源地址：10.54.150.123, 目的地址：10.37.144.18; ICMP 源地址：10.54.151.123, 目的地址：10.37.208.18; ICMP 源地址：10.22.151.125, 目的地址：10.65.132.22; ICMP 源地址：10.54.135.123, 目的地址：10.65.128.20; ICMP 源地址：10.52.151.124, 目的地址：10.65.128.67; ICMP 源地址：2.54.151.123, 目的地址：10.65.128.6; ICMP 源地址：10.54.151.123, 目的地址：10.1.128.26; ICMP 源地址：10.54.149.123, 目的地址：10.65.128.2; ICMP 源地址：10.22.151.123, 目的地址：10.65.128.2; ICMP 源地址：10.54.150.124, 目的地址：10.65.128.15; ICMP 源地址：2.54.151.123, 目的地址：2.64.128.2; ICMP 源地址：10.22.151.124, 目的地址：14.81.132.3; ICMP 源地址：10.17.51.197, 目的地址：10.4.31.2; ICMP 源地址：10.54.128.207, 目的地址：10.65.128.2; ICMP 源地址：8.183.240.240, 目的地址：10.183.242.123; ",""
"第2个STS SPE(45M)","有效数据","AAL数量: 156645824字节, 比例: 3.39%","AAL5数量: 69954074字节, 比例: 44.66%","0000: 004E","(2012-6-25)TCP 数量：6661419字节, 比例：49.82%;  UDP 数量：1096640字节, 比例：8.20%; ICMP数量：2402329字节, 比例：17.97%; 其他数量：3211026字节, 比例：24.01%","OSPFIGP "," 数量： 3174412字节, 比例：23.74%","OSPFIGP源地址：10.11.20.14, 目的地址：224.0.0.5; OSPFIGP源地址：10.11.20.12, 目的地址：228.0.2.5; OSPFIGP源地址：8.15.20.14, 目的地址：224.8.0.5; OSPFIGP源地址：10.11.20.14, 目的地址：224.0.16.5; OSPFIGP源地址：8.11.20.14, 目的地址：224.0.64.5; OSPFIGP源地址：10.7.20.14, 目的地址：224.0.0.5; OSPFIGP源地址：10.11.20.14, 目的地址：96.0.0.5; OSPFIGP源地址：2.43.20.14, 目的地址：224.0.4.5; OSPFIGP源地址：6.11.20.14, 目的地址：224.1.128.5; OSPFIGP源地址：10.11.20.14, 目的地址：192.128.0.5; OSPFIGP源地址：10.11.20.14, 目的地址：168.0.16.5; OSPFIGP源地址：10.11.20.10, 目的地址：224.0.0.5; OSPFIGP源地址：10.11.20.6, 目的地址：225.0.0.5; OSPFIGP源地址：10.3.20.14, 目的地址：224.0.0.5; OSPFIGP源地址：10.11.20.14, 目的地址：224.0.1.5; OSPFIGP源地址：10.11.20.14, 目的地址：192.0.0.5; OSPFIGP源地址：10.9.84.14, 目的地址：224.0.0.5; OSPFIGP源地址：10.10.20.14, 目的地址：224.0.0.37; OSPFIGP源地址：10.11.20.14, 目的地址：224.0.4.5; OSPFIGP源地址：10.11.4.14, 目的地址：224.0.0.7; ",""
"第2个STS SPE(45M)","有效数据","AAL数量: 156645824字节, 比例: 3.39%","AAL5数量: 69954074字节, 比例: 44.66%","0000: 004E","(2012-6-25)TCP 数量：6661419字节, 比例：49.82%;  UDP 数量：1096640字节, 比例：8.20%; ICMP数量：2402329字节, 比例：17.97%; 其他数量：3211026字节, 比例：24.01%","EMCON "," 数量： 4045字节, 比例：0.03%","EMCON源地址：10.54.150.202, 目的地址：10.65.128.29; EMCON源地址：10.54.217.221, 目的地址：10.67.220.228; EMCON源地址：10.54.217.221, 目的地址：10.67.220.140; EMCON源地址：10.54.216.221, 目的地址：10.67.220.228; EMCON源地址：10.54.150.202, 目的地址：10.1.128.21; EMCON源地址：11.54.216.221, 目的地址：10.67.252.62; ",""
"第2个STS SPE(45M)","有效数据","AAL数量: 156645824字节, 比例: 3.39%","AAL5数量: 69954074字节, 比例: 44.66%","0000: 004E","(2012-6-25)TCP 数量：6661419字节, 比例：49.82%;  UDP 数量：1096640字节, 比例：8.20%; ICMP数量：2402329字节, 比例：17.97%; 其他数量：3211026字节, 比例：24.01%","XNS-IDP "," 数量： 3232字节, 比例：0.02%","XNS-IDP源地址：10.54.218.64, 目的地址：10.67.220.221; XNS-IDP源地址：138.54.218.221, 目的地址：10.83.220.20; XNS-IDP源地址：10.54.218.215, 目的地址：10.67.220.228; XNS-IDP源地址：10.54.218.221, 目的地址：10.67.220.122; XNS-IDP源地址：10.5.3.111, 目的地址：14.4.26.2; ",""
"第2个STS SPE(45M)","有效数据","AAL数量: 156645824字节, 比例: 3.39%","AAL5数量: 69954074字节, 比例: 44.66%","0000: 004E","(2012-6-25)TCP 数量：6661419字节, 比例：49.82%;  UDP 数量：1096640字节, 比例：8.20%; ICMP数量：2402329字节, 比例：17.97%; 其他数量：3211026字节, 比例：24.01%","IGRP "," 数量： 2904字节, 比例：0.02%","IGRP源地址：10.139.52.14, 目的地址：224.0.0.1; IGRP源地址：10.15.20.46, 目的地址：224.0.0.133; IGRP源地址：10.11.20.46, 目的地址：224.0.0.5; IGRP源地址：10.3.20.14, 目的地址：160.64.1.5; IGRP源地址：10.9.52.14, 目的地址：96.0.0.1; IGRP源地址：10.11.20.14, 目的地址：224.0.0.5; IGRP源地址：8.11.20.14, 目的地址：224.32.0.5; ",""
"第2个STS SPE(45M)","有效数据","AAL数量: 156645824字节, 比例: 3.39%","AAL5数量: 69954074字节, 比例: 44.66%","0000: 004E","(2012-6-25)TCP 数量：6661419字节, 比例：49.82%;  UDP 数量：1096640字节, 比例：8.20%; ICMP数量：2402329字节, 比例：17.97%; 其他数量：3211026字节, 比例：24.01%","NETBLT "," 数量： 2663字节, 比例：0.02%","NETBLT源地址：10.54.148.202, 目的地址：10.65.128.27; NETBLT源地址：10.183.238.105, 目的地址：10.183.242.8; ",""
"第2个STS SPE(45M)","有效数据","AAL数量: 156645824字节, 比例: 3.39%","AAL5数量: 69954074字节, 比例: 44.66%","0000: 004E","(2012-6-25)TCP 数量：6661419字节, 比例：49.82%;  UDP 数量：1096640字节, 比例：8.20%; ICMP数量：2402329字节, 比例：17.97%; 其他数量：3211026字节, 比例：24.01%","AX.25 "," 数量： 2380字节, 比例：0.02%","AX.25源地址：10.11.20.14, 目的地址：224.0.0.5; AX.25源地址：10.11.20.14, 目的地址：224.0.128.5; AX.25源地址：10.11.20.142, 目的地址：224.0.128.5; AX.25源地址：10.11.20.140, 目的地址：224.0.0.5; AX.25源地址：10.11.20.14, 目的地址：224.0.16.5; ",""
"第2个STS SPE(45M)","有效数据","AAL数量: 156645824字节, 比例: 3.39%","AAL5数量: 69954074字节, 比例: 44.66%","0000: 004E","(2012-6-25)TCP 数量：6661419字节, 比例：49.82%;  UDP 数量：1096640字节, 比例：8.20%; ICMP数量：2402329字节, 比例：17.97%; 其他数量：3211026字节, 比例：24.01%","Reserved "," 数量： 1896字节, 比例：0.01%","Reserved源地址：10.11.20.14, 目的地址：224.0.0.5; Reserved源地址：10.11.20.14, 目的地址：224.1.0.5; Reserved源地址：10.11.4.14, 目的地址：224.0.0.5; ",""
"第2个STS SPE(45M)","有效数据","AAL数量: 156645824字节, 比例: 3.39%","AAL5数量: 69954074字节, 比例: 44.66%","0000: 004E","(2012-6-25)TCP 数量：6661419字节, 比例：49.82%;  UDP 数量：1096640字节, 比例：8.20%; ICMP数量：2402329字节, 比例：17.97%; 其他数量：3211026字节, 比例：24.01%","Reserved "," 数量： 1823字节, 比例：0.01%","Reserved源地址：10.179.230.100, 目的地址：10.183.242.61; Reserved源地址：10.54.216.221, 目的地址：10.67.220.228; Reserved源地址：14.5.16.111, 目的地址：10.4.154.2; Reserved源地址：10.54.216.221, 目的地址：10.67.220.58; ",""
"第2个STS SPE(45M)","有效数据","AAL数量: 156645824字节, 比例: 3.39%","AAL5数量: 69954074字节, 比例: 44.66%","0000: 004E","(2012-6-25)TCP 数量：6661419字节, 比例：49.82%;  UDP 数量：1096640字节, 比例：8.20%; ICMP数量：2402329字节, 比例：17.97%; 其他数量：3211026字节, 比例：24.01%","ST "," 数量： 1597字节, 比例：0.01%","ST源地址：74.50.151.124, 目的地址：14.73.128.9; ST源地址：10.54.151.252, 目的地址：10.65.128.27; ST源地址：10.54.216.93, 目的地址：10.67.220.2; ST源地址：10.183.240.240, 目的地址：10.183.255.33; ST源地址：10.183.240.112, 目的地址：10.183.242.123; ",""
"第2个STS SPE(45M)","有效数据","AAL数量: 156645824字节, 比例: 3.39%","AAL5数量: 69954074字节, 比例: 44.66%","0000: 004E","(2012-6-25)TCP 数量：6661419字节, 比例：49.82%;  UDP 数量：1096640字节, 比例：8.20%; ICMP数量：2402329字节, 比例：17.97%; 其他数量：3211026字节, 比例：24.01%","SAT-MON "," 数量： 1471字节, 比例：0.01%","SAT-MON源地址：198.76.106.64, 目的地址：0.127.6.225; ",""
"第2个STS SPE(45M)","有效数据","AAL数量: 156645824字节, 比例: 3.39%","AAL5数量: 69954074字节, 比例: 44.66%","0000: 004E","(2012-6-25)TCP 数量：6661419字节, 比例：49.82%;  UDP 数量：1096640字节, 比例：8.20%; ICMP数量：2402329字节, 比例：17.97%; 其他数量：3211026字节, 比例：24.01%","IDPR-CMTP "," 数量： 1256字节, 比例：0.01%","IDPR-CMTP源地址：10.54.220.64, 目的地址：10.99.220.205; IDPR-CMTP源地址：10.1.4.111, 目的地址：10.4.26.2; IDPR-CMTP源地址：10.54.216.4, 目的地址：10.67.220.221; IDPR-CMTP源地址：26.51.208.221, 目的地址：10.67.221.12; ",""
"第2个STS SPE(45M)","有效数据","AAL数量: 156645824字节, 比例: 3.39%","AAL5数量: 69954074字节, 比例: 44.66%","0000: 004E","(2012-6-25)TCP 数量：6661419字节, 比例：49.82%;  UDP 数量：1096640字节, 比例：8.20%; ICMP数量：2402329字节, 比例：17.97%; 其他数量：3211026字节, 比例：24.01%","VMTP "," 数量： 1140字节, 比例：0.01%","VMTP源地址：10.11.20.14, 目的地址：232.0.0.5; VMTP源地址：8.43.21.14, 目的地址：160.40.64.5; VMTP源地址：10.183.240.240, 目的地址：10.183.242.123; ",""
"第2个STS SPE(45M)","有效数据","AAL数量: 156645824字节, 比例: 3.39%","AAL5数量: 69954074字节, 比例: 44.66%","0000: 004E","(2012-6-25)TCP 数量：6661419字节, 比例：49.82%;  UDP 数量：1096640字节, 比例：8.20%; ICMP数量：2402329字节, 比例：17.97%; 其他数量：3211026字节, 比例：24.01%","CPHB "," 数量： 1138字节, 比例：0.01%","CPHB源地址：10.11.20.14, 目的地址：224.0.0.5; ",""
"第2个STS SPE(45M)","有效数据","AAL数量: 156645824字节, 比例: 3.39%","AAL5数量: 69954074字节, 比例: 44.66%","0000: 004E","(2012-6-25)TCP 数量：6661419字节, 比例：49.82%;  UDP 数量：1096640字节, 比例：8.20%; ICMP数量：2402329字节, 比例：17.97%; 其他数量：3211026字节, 比例：24.01%","GGP "," 数量： 1093字节, 比例：0.01%","GGP源地址：10.54.151.74, 目的地址：10.65.128.9; GGP源地址：10.52.151.59, 目的地址：11.65.128.26; GGP源地址：10.182.216.64, 目的地址：10.67.220.221; ",""
"第2个STS SPE(45M)","有效数据","AAL数量: 156645824字节, 比例: 3.39%","AAL5数量: 69954074字节, 比例: 44.66%","0000: 004E","(2012-6-25)TCP 数量：6661419字节, 比例：49.82%;  UDP 数量：1096640字节, 比例：8.20%; ICMP数量：2402329字节, 比例：17.97%; 其他数量：3211026字节, 比例：24.01%","IGMP "," 数量： 1066字节, 比例：0.01%","IGMP源地址：10.50.216.221, 目的地址：10.67.220.130; ",""
"第2个STS SPE(45M)","有效数据","AAL数量: 156645824字节, 比例: 3.39%","AAL5数量: 69954074字节, 比例: 44.66%","0000: 004E","(2012-6-25)TCP 数量：6661419字节, 比例：49.82%;  UDP 数量：1096640字节, 比例：8.20%; ICMP数量：2402329字节, 比例：17.97%; 其他数量：3211026字节, 比例：24.01%","LEAF-1 "," 数量： 1055字节, 比例：0.01%","LEAF-1源地址：8.11.28.14, 目的地址：224.0.64.5; LEAF-1源地址：42.11.28.14, 目的地址：32.4.0.5; LEAF-1源地址：10.183.240.244, 目的地址：10.183.242.123; ",""
"第2个STS SPE(45M)","有效数据","AAL数量: 156645824字节, 比例: 3.39%","AAL5数量: 69954074字节, 比例: 44.66%","0000: 004E","(2012-6-25)TCP 数量：6661419字节, 比例：49.82%;  UDP 数量：1096640字节, 比例：8.20%; ICMP数量：2402329字节, 比例：17.97%; 其他数量：3211026字节, 比例：24.01%","VISA "," 数量： 1013字节, 比例：0.01%","VISA源地址：74.54.208.64, 目的地址：10.75.220.221; VISA源地址：10.54.159.202, 目的地址：10.65.128.7; VISA源地址：10.54.159.194, 目的地址：10.65.128.3; ",""
"第2个STS SPE(45M)","有效数据","AAL数量: 156645824字节, 比例: 3.39%","AAL5数量: 69954074字节, 比例: 44.66%","0000: 004E","(2012-6-25)TCP 数量：6661419字节, 比例：49.82%;  UDP 数量：1096640字节, 比例：8.20%; ICMP数量：2402329字节, 比例：17.97%; 其他数量：3211026字节, 比例：24.01%","IPinIP "," 数量： 872字节, 比例：0.01%","IPinIP源地址：11.54.151.202, 目的地址：10.65.224.15; IPinIP源地址：10.54.160.156, 目的地址：10.65.128.29; IPinIP源地址：10.54.215.202, 目的地址：10.65.128.19; ",""
"第2个STS SPE(45M)","有效数据","AAL数量: 156645824字节, 比例: 3.39%","AAL5数量: 69954074字节, 比例: 44.66%","0000: 004E","(2012-6-25)TCP 数量：6661419字节, 比例：49.82%;  UDP 数量：1096640字节, 比例：8.20%; ICMP数量：2402329字节, 比例：17.97%; 其他数量：3211026字节, 比例：24.01%","SUN-ND "," 数量： 692字节, 比例：0.01%","SUN-ND源地址：10.27.22.142, 目的地址：224.0.0.5; ",""
"第2个STS SPE(45M)","有效数据","AAL数量: 156645824字节, 比例: 3.39%","AAL5数量: 69954074字节, 比例: 44.66%","0000: 004E","(2012-6-25)TCP 数量：6661419字节, 比例：49.82%;  UDP 数量：1096640字节, 比例：8.20%; ICMP数量：2402329字节, 比例：17.97%; 其他数量：3211026字节, 比例：24.01%","SEP "," 数量： 683字节, 比例：0.01%","SEP源地址：10.54.147.123, 目的地址：10.37.144.18; SEP源地址：10.54.147.124, 目的地址：10.65.128.3; ",""
"第2个STS SPE(45M)","有效数据","AAL数量: 156645824字节, 比例: 3.39%","AAL5数量: 69954074字节, 比例: 44.66%","0000: 004E","(2012-6-25)TCP 数量：6661419字节, 比例：49.82%;  UDP 数量：1096640字节, 比例：8.20%; ICMP数量：2402329字节, 比例：17.97%; 其他数量：3211026字节, 比例：24.01%","IGP "," 数量： 624字节, 比例：0.00%","IGP源地址：10.54.150.124, 目的地址：10.65.128.25; IGP源地址：10.183.241.240, 目的地址：10.183.242.121; ",""
"第2个STS SPE(45M)","有效数据","AAL数量: 156645824字节, 比例: 3.39%","AAL5数量: 69954074字节, 比例: 44.66%","0000: 004E","(2012-6-25)TCP 数量：6661419字节, 比例：49.82%;  UDP 数量：1096640字节, 比例：8.20%; ICMP数量：2402329字节, 比例：17.97%; 其他数量：3211026字节, 比例：24.01%","BBN-RRC-MON "," 数量： 595字节, 比例：0.00%","BBN-RRC-MON源地址：182.10.68.26, 目的地址：2.226.19.3; BBN-RRC-MON源地址：10.54.150.74, 目的地址：10.65.128.7; ",""
"第2个STS SPE(45M)","有效数据","AAL数量: 156645824字节, 比例: 3.39%","AAL5数量: 69954074字节, 比例: 44.66%","0000: 004E","(2012-6-25)TCP 数量：6661419字节, 比例：49.82%;  UDP 数量：1096640字节, 比例：8.20%; ICMP数量：2402329字节, 比例：17.97%; 其他数量：3211026字节, 比例：24.01%","LARP "," 数量： 420字节, 比例：0.00%","LARP源地址：10.11.20.78, 目的地址：224.0.0.5; ",""
"第2个STS SPE(45M)","有效数据","AAL数量: 156645824字节, 比例: 3.39%","AAL5数量: 69954074字节, 比例: 44.66%","0000: 004E","(2012-6-25)TCP 数量：6661419字节, 比例：49.82%;  UDP 数量：1096640字节, 比例：8.20%; ICMP数量：2402329字节, 比例：17.97%; 其他数量：3211026字节, 比例：24.01%","Reserved "," 数量： 395字节, 比例：0.00%","Reserved源地址：10.54.131.123, 目的地址：138.65.128.28; ",""
"第2个STS SPE(45M)","有效数据","AAL数量: 156645824字节, 比例: 3.39%","AAL5数量: 69954074字节, 比例: 44.66%","0000: 004E","(2012-6-25)TCP 数量：6661419字节, 比例：49.82%;  UDP 数量：1096640字节, 比例：8.20%; ICMP数量：2402329字节, 比例：17.97%; 其他数量：3211026字节, 比例：24.01%","Reserved "," 数量： 351字节, 比例：0.00%","Reserved源地址：42.190.151.120, 目的地址：10.65.128.9; ",""
"第2个STS SPE(45M)","有效数据","AAL数量: 156645824字节, 比例: 3.39%","AAL5数量: 69954074字节, 比例: 44.66%","0000: 004E","(2012-6-25)TCP 数量：6661419字节, 比例：49.82%;  UDP 数量：1096640字节, 比例：8.20%; ICMP数量：2402329字节, 比例：17.97%; 其他数量：3211026字节, 比例：24.01%","Reserved "," 数量： 336字节, 比例：0.00%","Reserved源地址：10.54.135.123, 目的地址：10.65.128.6; ",""
"第2个STS SPE(45M)","有效数据","AAL数量: 156645824字节, 比例: 3.39%","AAL5数量: 69954074字节, 比例: 44.66%","0000: 004E","(2012-6-25)TCP 数量：6661419字节, 比例：49.82%;  UDP 数量：1096640字节, 比例：8.20%; ICMP数量：2402329字节, 比例：17.97%; 其他数量：3211026字节, 比例：24.01%","Reserved "," 数量： 331字节, 比例：0.00%","Reserved源地址：26.54.151.124, 目的地址：10.65.128.13; ",""
"第2个STS SPE(45M)","有效数据","AAL数量: 156645824字节, 比例: 3.39%","AAL5数量: 69954074字节, 比例: 44.66%","0000: 004E","(2012-6-25)TCP 数量：6661419字节, 比例：49.82%;  UDP 数量：1096640字节, 比例：8.20%; ICMP数量：2402329字节, 比例：17.97%; 其他数量：3211026字节, 比例：24.01%","Reserved "," 数量： 324字节, 比例：0.00%","Reserved源地址：10.17.51.197, 目的地址：10.4.26.2; ",""
"第2个STS SPE(45M)","有效数据","AAL数量: 156645824字节, 比例: 3.39%","AAL5数量: 69954074字节, 比例: 44.66%","0000: 004E","(2012-6-25)TCP 数量：6661419字节, 比例：49.82%;  UDP 数量：1096640字节, 比例：8.20%; ICMP数量：2402329字节, 比例：17.97%; 其他数量：3211026字节, 比例：24.01%","PRM "," 数量： 318字节, 比例：0.00%","PRM源地址：10.183.240.240, 目的地址：10.247.242.123; ",""
"第2个STS SPE(45M)","有效数据","AAL数量: 156645824字节, 比例: 3.39%","AAL5数量: 69954074字节, 比例: 44.66%","0000: 004E","(2012-6-25)TCP 数量：6661419字节, 比例：49.82%;  UDP 数量：1096640字节, 比例：8.20%; ICMP数量：2402329字节, 比例：17.97%; 其他数量：3211026字节, 比例：24.01%","DCN_MEAS "," 数量： 315字节, 比例：0.00%","DCN_MEAS源地址：10.183.240.176, 目的地址：10.183.242.123; ",""
"第2个STS SPE(45M)","有效数据","AAL数量: 156645824字节, 比例: 3.39%","AAL5数量: 69954074字节, 比例: 44.66%","0000: 004E","(2012-6-25)TCP 数量：6661419字节, 比例：49.82%;  UDP 数量：1096640字节, 比例：8.20%; ICMP数量：2402329字节, 比例：17.97%; 其他数量：3211026字节, 比例：24.01%","RSVP "," 数量： 298字节, 比例：0.00%","RSVP源地址：10.1.16.111, 目的地址：10.4.26.0; ",""
"第2个STS SPE(45M)","有效数据","AAL数量: 156645824字节, 比例: 3.39%","AAL5数量: 69954074字节, 比例: 44.66%","0000: 004E","(2012-6-25)TCP 数量：6661419字节, 比例：49.82%;  UDP 数量：1096640字节, 比例：8.20%; ICMP数量：2402329字节, 比例：17.97%; 其他数量：3211026字节, 比例：24.01%","UCL "," 数量： 288字节, 比例：0.00%","UCL源地址：10.54.151.202, 目的地址：10.65.128.7; ",""
"第2个STS SPE(45M)","有效数据","AAL数量: 156645824字节, 比例: 3.39%","AAL5数量: 69954074字节, 比例: 44.66%","0000: 004E","(2012-6-25)TCP 数量：62530445字节, 比例：87.63%;  UDP 数量：4910275字节, 比例：6.88%; ICMP数量：3705944字节, 比例：5.19%; 其他数量：207337字节, 比例：0.29%","Reserved "," 数量： 288字节, 比例：0.00%","Reserved源地址：136.54.151.234, 目的地址：138.81.192.58; ",""
"第2个STS SPE(45M)","有效数据","AAL数量: 156645824字节, 比例: 3.39%","AAL5数量: 69954074字节, 比例: 44.66%","0000: 004E","(2012-6-25)TCP 数量：62530445字节, 比例：87.63%;  UDP 数量：4910275字节, 比例：6.88%; ICMP数量：3705944字节, 比例：5.19%; 其他数量：207337字节, 比例：0.29%","CPHB "," 数量： 277字节, 比例：0.00%","CPHB源地址：10.54.208.221, 目的地址：8.65.216.221; ",""
"第2个STS SPE(45M)","有效数据","AAL数量: 156645824字节, 比例: 3.39%","AAL5数量: 69954074字节, 比例: 44.66%","0000: 004F","(2012-6-25)AAL5 IP",""," 数量：1615562112字节, 比例：96.23%","",""
"第2个STS SPE(45M)","有效数据","AAL数量: 156645824字节, 比例: 3.39%","AAL5数量: 69954074字节, 比例: 44.66%","0000: 004E","(2012-6-25)AAL5 IP",""," 数量：63335664字节, 比例：3.77%","",""
"第2个STS SPE(45M)","空信元","空信元数量: 4459426886字节, 比例: 96.53%","","","","","","",""
"第2个STS SPE(45M)","无效数据","其他元数量: 3623606字节, 比例: 0.08%","","","","","","",""
