"SPE号","ATM数据","百分比","适配层/百分比例","VPI/VCI","承载格式","协议/端口","比例","主要IP","主要用户"
"第1个STS SPE(45M)","有效数据","AAL数量: 643065174字节, 比例: 9.69%","AAL1数量: 312771008字节, 比例: 48.64%","0000: 4936","(2013-8-3)AAL1的单时隙(带CAS)信号承载话音类型PCM U律",""," 数量：212994048字节, 比例：1.42%","",""
"第1个STS SPE(45M)","有效数据","AAL数量: 643065174字节, 比例: 9.69%","AAL1数量: 312771008字节, 比例: 48.64%","0000: 48E9","(2013-8-3)AAL1的单时隙(带CAS)信号承载话音类型PCM U律",""," 数量：213073920字节, 比例：1.42%","",""
"第1个STS SPE(45M)","有效数据","AAL数量: 643065174字节, 比例: 9.69%","AAL1数量: 312771008字节, 比例: 48.64%","0000: 494F","(2013-8-3)AAL1的单时隙(带CAS)信号承载话音类型PCM U律",""," 数量：212825088字节, 比例：1.42%","",""
"第1个STS SPE(45M)","有效数据","AAL数量: 643065174字节, 比例: 9.69%","AAL1数量: 312771008字节, 比例: 48.64%","0000: 48E3","(2013-8-3)AAL1的单时隙(带CAS)信号承载话音类型PCM U律",""," 数量：212975616字节, 比例：1.42%","",""
"第1个STS SPE(45M)","有效数据","AAL数量: 643065174字节, 比例: 9.69%","AAL1数量: 312771008字节, 比例: 48.64%","0000: 493B","(2013-8-3)AAL1的单时隙(带CAS)信号承载话音类型PCM U律",""," 数量：213018624字节, 比例：1.42%","",""
"第1个STS SPE(45M)","有效数据","AAL数量: 643065174字节, 比例: 9.69%","AAL1数量: 312771008字节, 比例: 48.64%","0000: 48DA","(2013-8-3)AAL1的单时隙(带CAS)信号承载话音类型PCM U律",""," 数量：212929536字节, 比例：1.42%","",""
"第1个STS SPE(45M)","有效数据","AAL数量: 643065174字节, 比例: 9.69%","AAL1数量: 312771008字节, 比例: 48.64%","0000: 4940","(2013-8-3)AAL1的单时隙(带CAS)信号承载话音类型PCM U律",""," 数量：212831232字节, 比例：1.42%","",""
"第1个STS SPE(45M)","有效数据","AAL数量: 643065174字节, 比例: 9.69%","AAL1数量: 312771008字节, 比例: 48.64%","0000: 4939","(2013-8-3)AAL1的单时隙(带CAS)信号承载话音类型PCM U律",""," 数量：213064704字节, 比例：1.42%","",""
"第1个STS SPE(45M)","有效数据","AAL数量: 643065174字节, 比例: 9.69%","AAL1数量: 312771008字节, 比例: 48.64%","0000: 4952","(2013-8-3)AAL1的单时隙(带CAS)信号承载话音类型PCM U律",""," 数量：213000192字节, 比例：1.42%","",""
"第1个STS SPE(45M)","有效数据","AAL数量: 643065174字节, 比例: 9.69%","AAL1数量: 312771008字节, 比例: 48.64%","0000: 48DC","(2013-8-3)AAL1的单时隙(带CAS)信号承载话音类型PCM U律",""," 数量：212877312字节, 比例：1.42%","",""
"第1个STS SPE(45M)","有效数据","AAL数量: 643065174字节, 比例: 9.69%","AAL1数量: 312771008字节, 比例: 48.64%","0000: 48E5","(2013-8-3)AAL1的单时隙(带CAS)信号承载话音类型PCM U律",""," 数量：213021696字节, 比例：1.42%","",""
"第1个STS SPE(45M)","有效数据","AAL数量: 643065174字节, 比例: 9.69%","AAL1数量: 312771008字节, 比例: 48.64%","0000: 4948","(2013-8-3)AAL1的单时隙(带CAS)信号承载话音类型PCM U律",""," 数量：212984832字节, 比例：1.42%","",""
"第1个STS SPE(45M)","有效数据","AAL数量: 643065174字节, 比例: 9.69%","AAL1数量: 312771008字节, 比例: 48.64%","0000: 4942","(2013-8-3)AAL1的单时隙(带CAS)信号承载话音类型PCM U律",""," 数量：213027840字节, 比例：1.42%","",""
"第1个STS SPE(45M)","有效数据","AAL数量: 643065174字节, 比例: 9.69%","AAL1数量: 312771008字节, 比例: 48.64%","0000: 493C","(2013-8-3)AAL1的单时隙(带CAS)信号承载话音类型PCM U律",""," 数量：212938752字节, 比例：1.42%","",""
"第1个STS SPE(45M)","有效数据","AAL数量: 643065174字节, 比例: 9.69%","AAL1数量: 312771008字节, 比例: 48.64%","0000: 493E","(2013-8-3)AAL1的单时隙(带CAS)信号承载话音类型PCM U律",""," 数量：212987904字节, 比例：1.42%","",""
"第1个STS SPE(45M)","有效数据","AAL数量: 643065174字节, 比例: 9.69%","AAL1数量: 312771008字节, 比例: 48.64%","0000: 48D7","(2013-8-3)AAL1的单时隙(带CAS)信号承载话音类型PCM U律",""," 数量：212978688字节, 比例：1.42%","",""
"第1个STS SPE(45M)","有效数据","AAL数量: 643065174字节, 比例: 9.69%","AAL1数量: 312771008字节, 比例: 48.64%","0000: 48DF","(2013-8-3)AAL1的单时隙(带CAS)信号承载话音类型PCM U律",""," 数量：213024768字节, 比例：1.42%","",""
"第1个STS SPE(45M)","有效数据","AAL数量: 643065174字节, 比例: 9.69%","AAL1数量: 312771008字节, 比例: 48.64%","0000: 48EF","(2013-8-3)AAL1的单时隙(带CAS)信号承载话音类型PCM U律",""," 数量：212901888字节, 比例：1.42%","",""
"第1个STS SPE(45M)","有效数据","AAL数量: 643065174字节, 比例: 9.69%","AAL1数量: 312771008字节, 比例: 48.64%","0000: 4951","(2013-8-3)AAL1的单时隙(带CAS)信号承载话音类型PCM U律",""," 数量：212868096字节, 比例：1.42%","",""
"第1个STS SPE(45M)","有效数据","AAL数量: 643065174字节, 比例: 9.69%","AAL1数量: 312771008字节, 比例: 48.64%","0000: 4950","(2013-8-3)AAL1的单时隙(带CAS)信号承载话音类型PCM U律",""," 数量：213000192字节, 比例：1.42%","",""
"第1个STS SPE(45M)","有效数据","AAL数量: 643065174字节, 比例: 9.69%","AAL1数量: 312771008字节, 比例: 48.64%","0000: 48EB","(2013-8-3)AAL1的单时隙(带CAS)信号承载话音类型PCM U律",""," 数量：213015552字节, 比例：1.42%","",""
"第1个STS SPE(45M)","有效数据","AAL数量: 643065174字节, 比例: 9.69%","AAL1数量: 312771008字节, 比例: 48.64%","0000: 48E7","(2013-8-3)AAL1的单时隙(带CAS)信号承载话音类型PCM U律",""," 数量：213015552字节, 比例：1.42%","",""
"第1个STS SPE(45M)","有效数据","AAL数量: 643065174字节, 比例: 9.69%","AAL1数量: 312771008字节, 比例: 48.64%","0000: 48ED","(2013-8-3)AAL1的单时隙(带CAS)信号承载话音类型PCM U律",""," 数量：212978688字节, 比例：1.42%","",""
"第1个STS SPE(45M)","有效数据","AAL数量: 643065174字节, 比例: 9.69%","AAL1数量: 312771008字节, 比例: 48.64%","0000: 48E1","(2013-8-3)AAL1的单时隙(带CAS)信号承载话音类型PCM U律",""," 数量：212904960字节, 比例：1.42%","",""
"第1个STS SPE(45M)","有效数据","AAL数量: 643065174字节, 比例: 9.69%","AAL1数量: 312771008字节, 比例: 48.64%","0000: 2080","(2013-8-3)AAL1结构化24",""," 数量：615793664字节, 比例：4.10%","",""
"第1个STS SPE(45M)","有效数据","AAL数量: 643065174字节, 比例: 9.69%","AAL1数量: 312771008字节, 比例: 48.64%","0000: 2082","(2013-8-3)AAL1结构化24",""," 数量：696040448字节, 比例：4.64%","",""
"第1个STS SPE(45M)","有效数据","AAL数量: 643065174字节, 比例: 9.69%","AAL2数量: 324326298字节, 比例: 50.43%","0000: 4959; CID编号: 11","(2013-8-3)标准AAL2; CID承载业务G729","","数量：30010240字节, 比例：0.19% ","",""
"第1个STS SPE(45M)","有效数据","AAL数量: 643065174字节, 比例: 9.69%","AAL2数量: 324326298字节, 比例: 50.43%","0000: 1768; CID编号: 11","(2013-8-3)标准AAL2; CID承载业务G729","","数量：30031404字节, 比例：0.19% ","",""
"第1个STS SPE(45M)","有效数据","AAL数量: 643065174字节, 比例: 9.69%","AAL2数量: 324326298字节, 比例: 50.43%","0000: 4957; CID编号: 11","(2013-8-3)标准AAL2; CID承载业务G729","","数量：30018724字节, 比例：0.19% ","",""
"第1个STS SPE(45M)","有效数据","AAL数量: 643065174字节, 比例: 9.69%","AAL2数量: 324326298字节, 比例: 50.43%","0000: 4958; CID编号: 11","(2013-8-3)标准AAL2; CID承载业务G729","","数量：30043872字节, 比例：0.19% ","",""
"第1个STS SPE(45M)","有效数据","AAL数量: 643065174字节, 比例: 9.69%","AAL2数量: 324326298字节, 比例: 50.43%","0000: 38DC; CID编号: 11","(2013-8-3)标准AAL2; CID承载业务G729","","数量：30034402字节, 比例：0.19% ","",""
"第1个STS SPE(45M)","有效数据","AAL数量: 643065174字节, 比例: 9.69%","AAL2数量: 324326298字节, 比例: 50.43%","0000: 495B; CID编号: 11","(2013-8-3)标准AAL2; CID承载业务G729","","数量：30044864字节, 比例：0.19% ","",""
"第1个STS SPE(45M)","有效数据","AAL数量: 643065174字节, 比例: 9.69%","AAL2数量: 324326298字节, 比例: 50.43%","0000: 4949; CID编号: 11","(2013-8-3)标准AAL2; CID承载业务G729","","数量：30030572字节, 比例：0.19% ","",""
"第1个STS SPE(45M)","有效数据","AAL数量: 643065174字节, 比例: 9.69%","AAL2数量: 324326298字节, 比例: 50.43%","0000: 00F5; CID编号: 11","(2013-8-3)标准AAL2; CID承载业务G711 PCM U律","","数量：190957372字节, 比例：1.23% ","",""
"第1个STS SPE(45M)","有效数据","AAL数量: 643065174字节, 比例: 9.69%","AAL2数量: 324326298字节, 比例: 50.43%","0000: DE7E; CID编号: 11","(2013-8-3)标准AAL2; CID承载业务G729","","数量：30034436字节, 比例：0.19% ","",""
"第1个STS SPE(45M)","有效数据","AAL数量: 643065174字节, 比例: 9.69%","AAL2数量: 324326298字节, 比例: 50.43%","0000: 79C6; CID编号: 11","(2013-8-3)标准AAL2; CID承载业务G729","","数量：30022372字节, 比例：0.19% ","",""
"第1个STS SPE(45M)","有效数据","AAL数量: 643065174字节, 比例: 9.69%","AAL2数量: 324326298字节, 比例: 50.43%","0000: 1766; CID编号: 11","(2013-8-3)标准AAL2; CID承载业务G729","","数量：30030542字节, 比例：0.19% ","",""
"第1个STS SPE(45M)","有效数据","AAL数量: 643065174字节, 比例: 9.69%","AAL2数量: 324326298字节, 比例: 50.43%","0000: 4AD5; CID编号: 11","(2013-8-3)标准AAL2; CID承载业务G729","","数量：30031102字节, 比例：0.19% ","",""
"第1个STS SPE(45M)","有效数据","AAL数量: 643065174字节, 比例: 9.69%","AAL2数量: 324326298字节, 比例: 50.43%","0000: DE7F; CID编号: 11","(2013-8-3)标准AAL2; CID承载业务G729","","数量：30045204字节, 比例：0.19% ","",""
"第1个STS SPE(45M)","有效数据","AAL数量: 643065174字节, 比例: 9.69%","AAL2数量: 324326298字节, 比例: 50.43%","0000: 00F4; CID编号: 11","(2013-8-3)标准AAL2; CID承载业务G711 PCM U律","","数量：190843048字节, 比例：1.23% ","",""
"第1个STS SPE(45M)","有效数据","AAL数量: 643065174字节, 比例: 9.69%","AAL2数量: 324326298字节, 比例: 50.43%","0000: 79C4; CID编号: 11","(2013-8-3)标准AAL2; CID承载业务G729","","数量：30025022字节, 比例：0.19% ","",""
"第1个STS SPE(45M)","有效数据","AAL数量: 643065174字节, 比例: 9.69%","AAL2数量: 324326298字节, 比例: 50.43%","0000: 4955; CID编号: 11","(2013-8-3)标准AAL2; CID承载业务G711 PCM U律","","数量：191053168字节, 比例：1.23% ","",""
"第1个STS SPE(45M)","有效数据","AAL数量: 643065174字节, 比例: 9.69%","AAL2数量: 324326298字节, 比例: 50.43%","0000: 4AD4; CID编号: 11","(2013-8-3)标准AAL2; CID承载业务G729","","数量：30025620字节, 比例：0.19% ","",""
"第1个STS SPE(45M)","有效数据","AAL数量: 643065174字节, 比例: 9.69%","AAL2数量: 324326298字节, 比例: 50.43%","0000: 38DD; CID编号: 11","(2013-8-3)标准AAL2; CID承载业务G729","","数量：30043908字节, 比例：0.19% ","",""
"第1个STS SPE(45M)","有效数据","AAL数量: 643065174字节, 比例: 9.69%","AAL2数量: 324326298字节, 比例: 50.43%","0000: 0DC1; CID编号: 11","(2013-8-3)标准AAL2; CID承载业务G729","","数量：30057490字节, 比例：0.19% ","",""
"第1个STS SPE(45M)","有效数据","AAL数量: 643065174字节, 比例: 9.69%","AAL2数量: 324326298字节, 比例: 50.43%","0000: 79C2; CID编号: 11","(2013-8-3)标准AAL2; CID承载业务G729","","数量：30104846字节, 比例：0.19% ","",""
"第1个STS SPE(45M)","有效数据","AAL数量: 643065174字节, 比例: 9.69%","AAL2数量: 324326298字节, 比例: 50.43%","0000: 8675; CID编号: 11","(2013-8-3)标准AAL2; CID承载业务G711 PCM U律","","数量：191251756字节, 比例：1.23% ","",""
"第1个STS SPE(45M)","有效数据","AAL数量: 643065174字节, 比例: 9.69%","AAL2数量: 324326298字节, 比例: 50.43%","0000: 8675; CID编号: 12","(2013-8-3)标准AAL2; CID承载业务G711 PCM U律","","数量：191342924字节, 比例：1.23% ","",""
"第1个STS SPE(45M)","有效数据","AAL数量: 643065174字节, 比例: 9.69%","AAL2数量: 324326298字节, 比例: 50.43%","0000: 8675; CID编号: 13","(2013-8-3)标准AAL2; CID承载业务G711 PCM U律","","数量：191345152字节, 比例：1.23% ","",""
"第1个STS SPE(45M)","有效数据","AAL数量: 643065174字节, 比例: 9.69%","AAL2数量: 324326298字节, 比例: 50.43%","0000: 8675; CID编号: 14","(2013-8-3)标准AAL2; CID承载业务G711 PCM U律","","数量：191370904字节, 比例：1.23% ","",""
"第1个STS SPE(45M)","有效数据","AAL数量: 643065174字节, 比例: 9.69%","AAL2数量: 324326298字节, 比例: 50.43%","0000: 8675; CID编号: 15","(2013-8-3)标准AAL2; CID承载业务G711 PCM U律","","数量：191440024字节, 比例：1.23% ","",""
"第1个STS SPE(45M)","有效数据","AAL数量: 643065174字节, 比例: 9.69%","AAL2数量: 324326298字节, 比例: 50.43%","0000: 8675; CID编号: 16","(2013-8-3)标准AAL2; CID承载业务G711 PCM U律","","数量：191494728字节, 比例：1.23% ","",""
"第1个STS SPE(45M)","有效数据","AAL数量: 643065174字节, 比例: 9.69%","AAL2数量: 324326298字节, 比例: 50.43%","0000: 8675; CID编号: 17","(2013-8-3)标准AAL2; CID承载业务G711 PCM U律","","数量：191435116字节, 比例：1.23% ","",""
"第1个STS SPE(45M)","有效数据","AAL数量: 643065174字节, 比例: 9.69%","AAL2数量: 324326298字节, 比例: 50.43%","0000: 8675; CID编号: 18","(2013-8-3)标准AAL2; CID承载业务G711 PCM U律","","数量：191441396字节, 比例：1.23% ","",""
"第1个STS SPE(45M)","有效数据","AAL数量: 643065174字节, 比例: 9.69%","AAL2数量: 324326298字节, 比例: 50.43%","0000: 8675; CID编号: 19","(2013-8-3)标准AAL2; CID承载业务G711 PCM U律","","数量：191452352字节, 比例：1.23% ","",""
"第1个STS SPE(45M)","有效数据","AAL数量: 643065174字节, 比例: 9.69%","AAL2数量: 324326298字节, 比例: 50.43%","0000: 8675; CID编号: 20","(2013-8-3)标准AAL2; CID承载业务G711 PCM U律","","数量：191419540字节, 比例：1.23% ","",""
"第1个STS SPE(45M)","有效数据","AAL数量: 643065174字节, 比例: 9.69%","AAL2数量: 324326298字节, 比例: 50.43%","0000: 8675; CID编号: 21","(2013-8-3)标准AAL2; CID承载业务G711 PCM U律","","数量：191429688字节, 比例：1.23% ","",""
"第1个STS SPE(45M)","有效数据","AAL数量: 643065174字节, 比例: 9.69%","AAL2数量: 324326298字节, 比例: 50.43%","0000: 8675; CID编号: 22","(2013-8-3)标准AAL2; CID承载业务G711 PCM U律","","数量：191421232字节, 比例：1.23% ","",""
"第1个STS SPE(45M)","有效数据","AAL数量: 643065174字节, 比例: 9.69%","AAL2数量: 324326298字节, 比例: 50.43%","0000: 8675; CID编号: 23","(2013-8-3)标准AAL2; CID承载业务G711 PCM U律","","数量：191422928字节, 比例：1.23% ","",""
"第1个STS SPE(45M)","有效数据","AAL数量: 643065174字节, 比例: 9.69%","AAL2数量: 324326298字节, 比例: 50.43%","0000: 8675; CID编号: 24","(2013-8-3)标准AAL2; CID承载业务G711 PCM U律","","数量：191413328字节, 比例：1.23% ","",""
"第1个STS SPE(45M)","有效数据","AAL数量: 643065174字节, 比例: 9.69%","AAL2数量: 324326298字节, 比例: 50.43%","0000: 8675; CID编号: 25","(2013-8-3)标准AAL2; CID承载业务G711 PCM U律","","数量：191436988字节, 比例：1.23% ","",""
"第1个STS SPE(45M)","有效数据","AAL数量: 643065174字节, 比例: 9.69%","AAL2数量: 324326298字节, 比例: 50.43%","0000: 8675; CID编号: 26","(2013-8-3)标准AAL2; CID承载业务G711 PCM U律","","数量：191468396字节, 比例：1.23% ","",""
"第1个STS SPE(45M)","有效数据","AAL数量: 643065174字节, 比例: 9.69%","AAL2数量: 324326298字节, 比例: 50.43%","0000: 8675; CID编号: 27","(2013-8-3)标准AAL2; CID承载业务G711 PCM U律","","数量：191475492字节, 比例：1.23% ","",""
"第1个STS SPE(45M)","有效数据","AAL数量: 643065174字节, 比例: 9.69%","AAL2数量: 324326298字节, 比例: 50.43%","0000: 8675; CID编号: 28","(2013-8-3)标准AAL2; CID承载业务G711 PCM U律","","数量：191505968字节, 比例：1.23% ","",""
"第1个STS SPE(45M)","有效数据","AAL数量: 643065174字节, 比例: 9.69%","AAL2数量: 324326298字节, 比例: 50.43%","0000: 8675; CID编号: 29","(2013-8-3)标准AAL2; CID承载业务G711 PCM U律","","数量：191481828字节, 比例：1.23% ","",""
"第1个STS SPE(45M)","有效数据","AAL数量: 643065174字节, 比例: 9.69%","AAL2数量: 324326298字节, 比例: 50.43%","0000: 8675; CID编号: 30","(2013-8-3)标准AAL2; CID承载业务G711 PCM U律","","数量：191557288字节, 比例：1.23% ","",""
"第1个STS SPE(45M)","有效数据","AAL数量: 643065174字节, 比例: 9.69%","AAL2数量: 324326298字节, 比例: 50.43%","0000: 8675; CID编号: 31","(2013-8-3)标准AAL2; CID承载业务G711 PCM U律","","数量：191505768字节, 比例：1.23% ","",""
"第1个STS SPE(45M)","有效数据","AAL数量: 643065174字节, 比例: 9.69%","AAL2数量: 324326298字节, 比例: 50.43%","0000: 8675; CID编号: 32","(2013-8-3)标准AAL2; CID承载业务G711 PCM U律","","数量：191286480字节, 比例：1.23% ","",""
"第1个STS SPE(45M)","有效数据","AAL数量: 643065174字节, 比例: 9.69%","AAL2数量: 324326298字节, 比例: 50.43%","0000: 8675; CID编号: 33","(2013-8-3)标准AAL2; CID承载业务G711 PCM U律","","数量：191180804字节, 比例：1.23% ","",""
"第1个STS SPE(45M)","有效数据","AAL数量: 643065174字节, 比例: 9.69%","AAL2数量: 324326298字节, 比例: 50.43%","0000: 8675; CID编号: 34","(2013-8-3)标准AAL2; CID承载业务G711 PCM U律","","数量：191192508字节, 比例：1.23% ","",""
"第1个STS SPE(45M)","有效数据","AAL数量: 643065174字节, 比例: 9.69%","AAL2数量: 324326298字节, 比例: 50.43%","0000: 4954; CID编号: 11","(2013-8-3)标准AAL2; CID承载业务G711 PCM U律","","数量：191205980字节, 比例：1.23% ","",""
"第1个STS SPE(45M)","有效数据","AAL数量: 643065174字节, 比例: 9.69%","AAL2数量: 324326298字节, 比例: 50.43%","0000: 4954; CID编号: 12","(2013-8-3)标准AAL2; CID承载业务G711 PCM U律","","数量：191327112字节, 比例：1.23% ","",""
"第1个STS SPE(45M)","有效数据","AAL数量: 643065174字节, 比例: 9.69%","AAL2数量: 324326298字节, 比例: 50.43%","0000: 4954; CID编号: 13","(2013-8-3)标准AAL2; CID承载业务G711 PCM U律","","数量：191306788字节, 比例：1.23% ","",""
"第1个STS SPE(45M)","有效数据","AAL数量: 643065174字节, 比例: 9.69%","AAL2数量: 324326298字节, 比例: 50.43%","0000: 4954; CID编号: 14","(2013-8-3)标准AAL2; CID承载业务G711 PCM U律","","数量：191334816字节, 比例：1.23% ","",""
"第1个STS SPE(45M)","有效数据","AAL数量: 643065174字节, 比例: 9.69%","AAL2数量: 324326298字节, 比例: 50.43%","0000: 4954; CID编号: 15","(2013-8-3)标准AAL2; CID承载业务G711 PCM U律","","数量：191412380字节, 比例：1.23% ","",""
"第1个STS SPE(45M)","有效数据","AAL数量: 643065174字节, 比例: 9.69%","AAL2数量: 324326298字节, 比例: 50.43%","0000: 4954; CID编号: 16","(2013-8-3)标准AAL2; CID承载业务G711 PCM U律","","数量：191409312字节, 比例：1.23% ","",""
"第1个STS SPE(45M)","有效数据","AAL数量: 643065174字节, 比例: 9.69%","AAL2数量: 324326298字节, 比例: 50.43%","0000: 4954; CID编号: 17","(2013-8-3)标准AAL2; CID承载业务G711 PCM U律","","数量：191423952字节, 比例：1.23% ","",""
"第1个STS SPE(45M)","有效数据","AAL数量: 643065174字节, 比例: 9.69%","AAL2数量: 324326298字节, 比例: 50.43%","0000: 4954; CID编号: 18","(2013-8-3)标准AAL2; CID承载业务G711 PCM U律","","数量：191393856字节, 比例：1.23% ","",""
"第1个STS SPE(45M)","有效数据","AAL数量: 643065174字节, 比例: 9.69%","AAL2数量: 324326298字节, 比例: 50.43%","0000: 4954; CID编号: 19","(2013-8-3)标准AAL2; CID承载业务G711 PCM U律","","数量：191412884字节, 比例：1.23% ","",""
"第1个STS SPE(45M)","有效数据","AAL数量: 643065174字节, 比例: 9.69%","AAL2数量: 324326298字节, 比例: 50.43%","0000: 4954; CID编号: 20","(2013-8-3)标准AAL2; CID承载业务G711 PCM U律","","数量：191333072字节, 比例：1.23% ","",""
"第1个STS SPE(45M)","有效数据","AAL数量: 643065174字节, 比例: 9.69%","AAL2数量: 324326298字节, 比例: 50.43%","0000: 4954; CID编号: 21","(2013-8-3)标准AAL2; CID承载业务G711 PCM U律","","数量：191393216字节, 比例：1.23% ","",""
"第1个STS SPE(45M)","有效数据","AAL数量: 643065174字节, 比例: 9.69%","AAL2数量: 324326298字节, 比例: 50.43%","0000: 4954; CID编号: 22","(2013-8-3)标准AAL2; CID承载业务G711 PCM U律","","数量：191391160字节, 比例：1.23% ","",""
"第1个STS SPE(45M)","有效数据","AAL数量: 643065174字节, 比例: 9.69%","AAL2数量: 324326298字节, 比例: 50.43%","0000: 4954; CID编号: 23","(2013-8-3)标准AAL2; CID承载业务G711 PCM U律","","数量：191381080字节, 比例：1.23% ","",""
"第1个STS SPE(45M)","有效数据","AAL数量: 643065174字节, 比例: 9.69%","AAL2数量: 324326298字节, 比例: 50.43%","0000: 4954; CID编号: 24","(2013-8-3)标准AAL2; CID承载业务G711 PCM U律","","数量：191405232字节, 比例：1.23% ","",""
"第1个STS SPE(45M)","有效数据","AAL数量: 643065174字节, 比例: 9.69%","AAL2数量: 324326298字节, 比例: 50.43%","0000: 4954; CID编号: 25","(2013-8-3)标准AAL2; CID承载业务G711 PCM U律","","数量：191385936字节, 比例：1.23% ","",""
"第1个STS SPE(45M)","有效数据","AAL数量: 643065174字节, 比例: 9.69%","AAL2数量: 324326298字节, 比例: 50.43%","0000: 4954; CID编号: 26","(2013-8-3)标准AAL2; CID承载业务G711 PCM U律","","数量：191411808字节, 比例：1.23% ","",""
"第1个STS SPE(45M)","有效数据","AAL数量: 643065174字节, 比例: 9.69%","AAL2数量: 324326298字节, 比例: 50.43%","0000: 4954; CID编号: 27","(2013-8-3)标准AAL2; CID承载业务G711 PCM U律","","数量：191448624字节, 比例：1.23% ","",""
"第1个STS SPE(45M)","有效数据","AAL数量: 643065174字节, 比例: 9.69%","AAL2数量: 324326298字节, 比例: 50.43%","0000: 4954; CID编号: 28","(2013-8-3)标准AAL2; CID承载业务G711 PCM U律","","数量：191485712字节, 比例：1.23% ","",""
"第1个STS SPE(45M)","有效数据","AAL数量: 643065174字节, 比例: 9.69%","AAL2数量: 324326298字节, 比例: 50.43%","0000: 4954; CID编号: 29","(2013-8-3)标准AAL2; CID承载业务G711 PCM U律","","数量：191480408字节, 比例：1.23% ","",""
"第1个STS SPE(45M)","有效数据","AAL数量: 643065174字节, 比例: 9.69%","AAL2数量: 324326298字节, 比例: 50.43%","0000: 4954; CID编号: 30","(2013-8-3)标准AAL2; CID承载业务G711 PCM U律","","数量：191492348字节, 比例：1.23% ","",""
"第1个STS SPE(45M)","有效数据","AAL数量: 643065174字节, 比例: 9.69%","AAL2数量: 324326298字节, 比例: 50.43%","0000: 4954; CID编号: 31","(2013-8-3)标准AAL2; CID承载业务G711 PCM U律","","数量：191482240字节, 比例：1.23% ","",""
"第1个STS SPE(45M)","有效数据","AAL数量: 643065174字节, 比例: 9.69%","AAL2数量: 324326298字节, 比例: 50.43%","0000: 4954; CID编号: 32","(2013-8-3)标准AAL2; CID承载业务G711 PCM U律","","数量：191247576字节, 比例：1.23% ","",""
"第1个STS SPE(45M)","有效数据","AAL数量: 643065174字节, 比例: 9.69%","AAL2数量: 324326298字节, 比例: 50.43%","0000: 4954; CID编号: 33","(2013-8-3)标准AAL2; CID承载业务G711 PCM U律","","数量：191168632字节, 比例：1.23% ","",""
"第1个STS SPE(45M)","有效数据","AAL数量: 643065174字节, 比例: 9.69%","AAL2数量: 324326298字节, 比例: 50.43%","0000: 4954; CID编号: 34","(2013-8-3)标准AAL2; CID承载业务G711 PCM U律","","数量：191131728字节, 比例：1.23% ","",""
"第1个STS SPE(45M)","有效数据","AAL数量: 643065174字节, 比例: 9.69%","AAL2数量: 324326298字节, 比例: 50.43%","0000: 004C; CID编号: 11","(2013-8-3)标准AAL2; CID承载业务G729","","数量：30082998字节, 比例：0.19% ","",""
"第1个STS SPE(45M)","有效数据","AAL数量: 643065174字节, 比例: 9.69%","AAL2数量: 324326298字节, 比例: 50.43%","0000: 495F; CID编号: 11","(2013-8-3)标准AAL2; CID承载业务G711 PCM U律","","数量：191208232字节, 比例：1.23% ","",""
"第1个STS SPE(45M)","有效数据","AAL数量: 643065174字节, 比例: 9.69%","AAL2数量: 324326298字节, 比例: 50.43%","0000: 495F; CID编号: 12","(2013-8-3)标准AAL2; CID承载业务G711 PCM U律","","数量：191250552字节, 比例：1.23% ","",""
"第1个STS SPE(45M)","有效数据","AAL数量: 643065174字节, 比例: 9.69%","AAL2数量: 324326298字节, 比例: 50.43%","0000: 495F; CID编号: 13","(2013-8-3)标准AAL2; CID承载业务G711 PCM U律","","数量：191260704字节, 比例：1.23% ","",""
"第1个STS SPE(45M)","有效数据","AAL数量: 643065174字节, 比例: 9.69%","AAL2数量: 324326298字节, 比例: 50.43%","0000: 495F; CID编号: 14","(2013-8-3)标准AAL2; CID承载业务G711 PCM U律","","数量：191284436字节, 比例：1.23% ","",""
"第1个STS SPE(45M)","有效数据","AAL数量: 643065174字节, 比例: 9.69%","AAL2数量: 324326298字节, 比例: 50.43%","0000: 495F; CID编号: 15","(2013-8-3)标准AAL2; CID承载业务G711 PCM U律","","数量：191340712字节, 比例：1.23% ","",""
"第1个STS SPE(45M)","有效数据","AAL数量: 643065174字节, 比例: 9.69%","AAL2数量: 324326298字节, 比例: 50.43%","0000: 495F; CID编号: 16","(2013-8-3)标准AAL2; CID承载业务G711 PCM U律","","数量：191347556字节, 比例：1.23% ","",""
"第1个STS SPE(45M)","有效数据","AAL数量: 643065174字节, 比例: 9.69%","AAL2数量: 324326298字节, 比例: 50.43%","0000: 495F; CID编号: 17","(2013-8-3)标准AAL2; CID承载业务G711 PCM U律","","数量：191342868字节, 比例：1.23% ","",""
"第1个STS SPE(45M)","有效数据","AAL数量: 643065174字节, 比例: 9.69%","AAL2数量: 324326298字节, 比例: 50.43%","0000: 495F; CID编号: 18","(2013-8-3)标准AAL2; CID承载业务G711 PCM U律","","数量：191224004字节, 比例：1.23% ","",""
"第1个STS SPE(45M)","有效数据","AAL数量: 643065174字节, 比例: 9.69%","AAL2数量: 324326298字节, 比例: 50.43%","0000: 495F; CID编号: 19","(2013-8-3)标准AAL2; CID承载业务G711 PCM U律","","数量：191313076字节, 比例：1.23% ","",""
"第1个STS SPE(45M)","有效数据","AAL数量: 643065174字节, 比例: 9.69%","AAL2数量: 324326298字节, 比例: 50.43%","0000: 495F; CID编号: 20","(2013-8-3)标准AAL2; CID承载业务G711 PCM U律","","数量：191296348字节, 比例：1.23% ","",""
"第1个STS SPE(45M)","有效数据","AAL数量: 643065174字节, 比例: 9.69%","AAL2数量: 324326298字节, 比例: 50.43%","0000: 495F; CID编号: 21","(2013-8-3)标准AAL2; CID承载业务G711 PCM U律","","数量：191337176字节, 比例：1.23% ","",""
"第1个STS SPE(45M)","有效数据","AAL数量: 643065174字节, 比例: 9.69%","AAL2数量: 324326298字节, 比例: 50.43%","0000: 495F; CID编号: 22","(2013-8-3)标准AAL2; CID承载业务G711 PCM U律","","数量：191299816字节, 比例：1.23% ","",""
"第1个STS SPE(45M)","有效数据","AAL数量: 643065174字节, 比例: 9.69%","AAL2数量: 324326298字节, 比例: 50.43%","0000: 495F; CID编号: 23","(2013-8-3)标准AAL2; CID承载业务G711 PCM U律","","数量：191330932字节, 比例：1.23% ","",""
"第1个STS SPE(45M)","有效数据","AAL数量: 643065174字节, 比例: 9.69%","AAL2数量: 324326298字节, 比例: 50.43%","0000: 495F; CID编号: 24","(2013-8-3)标准AAL2; CID承载业务G711 PCM U律","","数量：191308692字节, 比例：1.23% ","",""
"第1个STS SPE(45M)","有效数据","AAL数量: 643065174字节, 比例: 9.69%","AAL2数量: 324326298字节, 比例: 50.43%","0000: 495F; CID编号: 25","(2013-8-3)标准AAL2; CID承载业务G711 PCM U律","","数量：191379600字节, 比例：1.23% ","",""
"第1个STS SPE(45M)","有效数据","AAL数量: 643065174字节, 比例: 9.69%","AAL2数量: 324326298字节, 比例: 50.43%","0000: 495F; CID编号: 26","(2013-8-3)标准AAL2; CID承载业务G711 PCM U律","","数量：191324104字节, 比例：1.23% ","",""
"第1个STS SPE(45M)","有效数据","AAL数量: 643065174字节, 比例: 9.69%","AAL2数量: 324326298字节, 比例: 50.43%","0000: 495F; CID编号: 27","(2013-8-3)标准AAL2; CID承载业务G711 PCM U律","","数量：191392716字节, 比例：1.23% ","",""
"第1个STS SPE(45M)","有效数据","AAL数量: 643065174字节, 比例: 9.69%","AAL2数量: 324326298字节, 比例: 50.43%","0000: 495F; CID编号: 28","(2013-8-3)标准AAL2; CID承载业务G711 PCM U律","","数量：191410756字节, 比例：1.23% ","",""
"第1个STS SPE(45M)","有效数据","AAL数量: 643065174字节, 比例: 9.69%","AAL2数量: 324326298字节, 比例: 50.43%","0000: 495F; CID编号: 29","(2013-8-3)标准AAL2; CID承载业务G711 PCM U律","","数量：191384784字节, 比例：1.23% ","",""
"第1个STS SPE(45M)","有效数据","AAL数量: 643065174字节, 比例: 9.69%","AAL2数量: 324326298字节, 比例: 50.43%","0000: 495F; CID编号: 30","(2013-8-3)标准AAL2; CID承载业务G711 PCM U律","","数量：191441944字节, 比例：1.23% ","",""
"第1个STS SPE(45M)","有效数据","AAL数量: 643065174字节, 比例: 9.69%","AAL2数量: 324326298字节, 比例: 50.43%","0000: 495F; CID编号: 31","(2013-8-3)标准AAL2; CID承载业务G711 PCM U律","","数量：191435424字节, 比例：1.23% ","",""
"第1个STS SPE(45M)","有效数据","AAL数量: 643065174字节, 比例: 9.69%","AAL2数量: 324326298字节, 比例: 50.43%","0000: 495F; CID编号: 32","(2013-8-3)标准AAL2; CID承载业务G711 PCM U律","","数量：191181384字节, 比例：1.23% ","",""
"第1个STS SPE(45M)","有效数据","AAL数量: 643065174字节, 比例: 9.69%","AAL2数量: 324326298字节, 比例: 50.43%","0000: 495F; CID编号: 33","(2013-8-3)标准AAL2; CID承载业务G711 PCM U律","","数量：191118960字节, 比例：1.23% ","",""
"第1个STS SPE(45M)","有效数据","AAL数量: 643065174字节, 比例: 9.69%","AAL2数量: 324326298字节, 比例: 50.43%","0000: 495F; CID编号: 34","(2013-8-3)标准AAL2; CID承载业务G711 PCM U律","","数量：191120640字节, 比例：1.23% ","",""
"第1个STS SPE(45M)","有效数据","AAL数量: 643065174字节, 比例: 9.69%","AAL2数量: 324326298字节, 比例: 50.43%","0000: 38DA; CID编号: 11","(2013-8-3)标准AAL2; CID承载业务G729","","数量：30070630字节, 比例：0.19% ","",""
"第1个STS SPE(45M)","有效数据","AAL数量: 643065174字节, 比例: 9.69%","AAL2数量: 324326298字节, 比例: 50.43%","0000: 494A; CID编号: 11","(2013-8-3)标准AAL2; CID承载业务G729","","数量：30113394字节, 比例：0.19% ","",""
"第1个STS SPE(45M)","有效数据","AAL数量: 643065174字节, 比例: 9.69%","AAL2数量: 324326298字节, 比例: 50.43%","0000: 4AE4; CID编号: 11","(2013-8-3)标准AAL2; CID承载业务G729","","数量：30133390字节, 比例：0.19% ","",""
"第1个STS SPE(45M)","有效数据","AAL数量: 643065174字节, 比例: 9.69%","AAL2数量: 324326298字节, 比例: 50.43%","0000: 79CB; CID编号: 11","(2013-8-3)标准AAL2; CID承载业务G729","","数量：30088014字节, 比例：0.19% ","",""
"第1个STS SPE(45M)","有效数据","AAL数量: 643065174字节, 比例: 9.69%","AAL2数量: 324326298字节, 比例: 50.43%","0000: 495A; CID编号: 11","(2013-8-3)标准AAL2; CID承载业务G729","","数量：30116462字节, 比例：0.19% ","",""
"第1个STS SPE(45M)","有效数据","AAL数量: 643065174字节, 比例: 9.69%","AAL2数量: 324326298字节, 比例: 50.43%","0000: 002F; CID编号: 11","(2013-8-3)标准AAL2; CID承载业务G729","","数量：30043658字节, 比例：0.19% ","",""
"第1个STS SPE(45M)","有效数据","AAL数量: 643065174字节, 比例: 9.69%","AAL2数量: 324326298字节, 比例: 50.43%","0000: 0710; CID编号: 11","(2013-8-3)标准AAL2; CID承载业务G729","","数量：30027946字节, 比例：0.19% ","",""
"第1个STS SPE(45M)","有效数据","AAL数量: 643065174字节, 比例: 9.69%","AAL2数量: 324326298字节, 比例: 50.43%","0000: 38DB; CID编号: 11","(2013-8-3)标准AAL2; CID承载业务G729","","数量：30050158字节, 比例：0.19% ","",""
"第1个STS SPE(45M)","有效数据","AAL数量: 643065174字节, 比例: 9.69%","AAL2数量: 324326298字节, 比例: 50.43%","0000: 8ABC; CID编号: 11","(2013-8-3)标准AAL2; CID承载业务G729","","数量：30125970字节, 比例：0.19% ","",""
"第1个STS SPE(45M)","有效数据","AAL数量: 643065174字节, 比例: 9.69%","AAL2数量: 324326298字节, 比例: 50.43%","0000: 4956; CID编号: 11","(2013-8-3)标准AAL2; CID承载业务G729","","数量：30040214字节, 比例：0.19% ","",""
"第1个STS SPE(45M)","有效数据","AAL数量: 643065174字节, 比例: 9.69%","AAL2数量: 324326298字节, 比例: 50.43%","0000: DE80; CID编号: 11","(2013-8-3)标准AAL2; CID承载业务G729","","数量：30063450字节, 比例：0.19% ","",""
"第1个STS SPE(45M)","有效数据","AAL数量: 643065174字节, 比例: 9.69%","AAL2数量: 324326298字节, 比例: 50.43%","0000: 79C1; CID编号: 11","(2013-8-3)标准AAL2; CID承载业务G729","","数量：30032840字节, 比例：0.19% ","",""
"第1个STS SPE(45M)","有效数据","AAL数量: 643065174字节, 比例: 9.69%","AAL2数量: 324326298字节, 比例: 50.43%","0000: 4C81; CID编号: 11","(2013-8-3)标准AAL2; CID承载业务G729","","数量：30043344字节, 比例：0.19% ","",""
"第1个STS SPE(45M)","有效数据","AAL数量: 643065174字节, 比例: 9.69%","AAL2数量: 324326298字节, 比例: 50.43%","0000: 79C9; CID编号: 11","(2013-8-3)标准AAL2; CID承载业务G729","","数量：30048580字节, 比例：0.19% ","",""
"第1个STS SPE(45M)","有效数据","AAL数量: 643065174字节, 比例: 9.69%","AAL2数量: 324326298字节, 比例: 50.43%","0000: 79C3; CID编号: 11","(2013-8-3)标准AAL2; CID承载业务G729","","数量：30034960字节, 比例：0.19% ","",""
"第1个STS SPE(45M)","有效数据","AAL数量: 643065174字节, 比例: 9.69%","AAL2数量: 324326298字节, 比例: 50.43%","0000: 79C7; CID编号: 11","(2013-8-3)标准AAL2; CID承载业务G729","","数量：30091334字节, 比例：0.19% ","",""
"第1个STS SPE(45M)","有效数据","AAL数量: 643065174字节, 比例: 9.69%","AAL5数量: 5967868字节, 比例: 0.93%","0000: FFFF","(2013-8-3)AAL5 IP",""," 数量：103728字节, 比例：0.04%","",""
"第1个STS SPE(45M)","空信元","空信元数量: 1728871050字节, 比例: 26.06%","","","","","","",""
"第1个STS SPE(45M)","无效数据","其他元数量: 4261290773字节, 比例: 64.24%","","","","","","",""
"第2个STS SPE(45M)","有效数据","AAL数量: 383287000字节, 比例: 16.51%","AAL2数量: 370230000字节, 比例: 96.59%","0000: 009D; CID编号: 11","(2013-8-3)标准AAL2; CID承载业务G729","","数量：30011132字节, 比例：0.17% ","",""
"第2个STS SPE(45M)","有效数据","AAL数量: 383287000字节, 比例: 16.51%","AAL2数量: 370230000字节, 比例: 96.59%","0000: 6245; CID编号: 11","(2013-8-3)标准AAL2; CID承载业务G711 PCM U律","","数量：190807640字节, 比例：1.07% ","",""
"第2个STS SPE(45M)","有效数据","AAL数量: 383287000字节, 比例: 16.51%","AAL2数量: 370230000字节, 比例: 96.59%","0000: CB0E; CID编号: 11","(2013-8-3)标准AAL2; CID承载业务G711 PCM U律","","数量：190306928字节, 比例：1.07% ","",""
"第2个STS SPE(45M)","有效数据","AAL数量: 383287000字节, 比例: 16.51%","AAL2数量: 370230000字节, 比例: 96.59%","0000: F305; CID编号: 11","(2013-8-3)标准AAL2; CID承载业务G711 PCM U律","","数量：190246144字节, 比例：1.07% ","",""
"第2个STS SPE(45M)","有效数据","AAL数量: 383287000字节, 比例: 16.51%","AAL2数量: 370230000字节, 比例: 96.59%","0000: 6246; CID编号: 11","(2013-8-3)标准AAL2; CID承载业务G711 PCM U律","","数量：190936200字节, 比例：1.07% ","",""
"第2个STS SPE(45M)","有效数据","AAL数量: 383287000字节, 比例: 16.51%","AAL2数量: 370230000字节, 比例: 96.59%","0000: 00CE; CID编号: 11","(2013-8-3)标准AAL2; CID承载业务G711 PCM U律","","数量：190691904字节, 比例：1.07% ","",""
"第2个STS SPE(45M)","有效数据","AAL数量: 383287000字节, 比例: 16.51%","AAL2数量: 370230000字节, 比例: 96.59%","0000: 681E; CID编号: 11","(2013-8-3)标准AAL2; CID承载业务G711 PCM U律","","数量：190277032字节, 比例：1.07% ","",""
"第2个STS SPE(45M)","有效数据","AAL数量: 383287000字节, 比例: 16.51%","AAL2数量: 370230000字节, 比例: 96.59%","0000: 879C; CID编号: 11","(2013-8-3)标准AAL2; CID承载业务G711 PCM U律","","数量：190721248字节, 比例：1.07% ","",""
"第2个STS SPE(45M)","有效数据","AAL数量: 383287000字节, 比例: 16.51%","AAL2数量: 370230000字节, 比例: 96.59%","0000: 8793; CID编号: 11","(2013-8-3)标准AAL2; CID承载业务G729","","数量：30065682字节, 比例：0.17% ","",""
"第2个STS SPE(45M)","有效数据","AAL数量: 383287000字节, 比例: 16.51%","AAL2数量: 370230000字节, 比例: 96.59%","0000: 879A; CID编号: 11","(2013-8-3)标准AAL2; CID承载业务G711 PCM U律","","数量：190612260字节, 比例：1.07% ","",""
"第2个STS SPE(45M)","有效数据","AAL数量: 383287000字节, 比例: 16.51%","AAL2数量: 370230000字节, 比例: 96.59%","0000: 93EF; CID编号: 11","(2013-8-3)标准AAL2; CID承载业务G729","","数量：30003156字节, 比例：0.17% ","",""
"第2个STS SPE(45M)","有效数据","AAL数量: 383287000字节, 比例: 16.51%","AAL2数量: 370230000字节, 比例: 96.59%","0000: 009A; CID编号: 11","(2013-8-3)标准AAL2; CID承载业务G729","","数量：29999824字节, 比例：0.17% ","",""
"第2个STS SPE(45M)","有效数据","AAL数量: 383287000字节, 比例: 16.51%","AAL2数量: 370230000字节, 比例: 96.59%","0000: 00A0; CID编号: 11","(2013-8-3)标准AAL2; CID承载业务G729","","数量：30007448字节, 比例：0.17% ","",""
"第2个STS SPE(45M)","有效数据","AAL数量: 383287000字节, 比例: 16.51%","AAL2数量: 370230000字节, 比例: 96.59%","0000: 169F; CID编号: 11","(2013-8-3)标准AAL2; CID承载业务G729","","数量：30009392字节, 比例：0.17% ","",""
"第2个STS SPE(45M)","有效数据","AAL数量: 383287000字节, 比例: 16.51%","AAL2数量: 370230000字节, 比例: 96.59%","0000: 6821; CID编号: 11","(2013-8-3)标准AAL2; CID承载业务G711 PCM U律","","数量：190884720字节, 比例：1.07% ","",""
"第2个STS SPE(45M)","有效数据","AAL数量: 383287000字节, 比例: 16.51%","AAL2数量: 370230000字节, 比例: 96.59%","0000: 00CD; CID编号: 11","(2013-8-3)标准AAL2; CID承载业务G711 PCM U律","","数量：190804880字节, 比例：1.07% ","",""
"第2个STS SPE(45M)","有效数据","AAL数量: 383287000字节, 比例: 16.51%","AAL2数量: 370230000字节, 比例: 96.59%","0000: CB27; CID编号: 11","(2013-8-3)标准AAL2; CID承载业务G711 PCM U律","","数量：190276580字节, 比例：1.07% ","",""
"第2个STS SPE(45M)","有效数据","AAL数量: 383287000字节, 比例: 16.51%","AAL2数量: 370230000字节, 比例: 96.59%","0000: 879B; CID编号: 11","(2013-8-3)标准AAL2; CID承载业务G711 PCM U律","","数量：190732464字节, 比例：1.07% ","",""
"第2个STS SPE(45M)","有效数据","AAL数量: 383287000字节, 比例: 16.51%","AAL2数量: 370230000字节, 比例: 96.59%","0000: 879D; CID编号: 11","(2013-8-3)标准AAL2; CID承载业务G711 PCM U律","","数量：190841960字节, 比例：1.07% ","",""
"第2个STS SPE(45M)","有效数据","AAL数量: 383287000字节, 比例: 16.51%","AAL2数量: 370230000字节, 比例: 96.59%","0000: 6244; CID编号: 11","(2013-8-3)标准AAL2; CID承载业务G711 PCM U律","","数量：190861804字节, 比例：1.07% ","",""
"第2个STS SPE(45M)","有效数据","AAL数量: 383287000字节, 比例: 16.51%","AAL2数量: 370230000字节, 比例: 96.59%","0000: 96D5; CID编号: 11","(2013-8-3)标准AAL2; CID承载业务G729","","数量：30013208字节, 比例：0.17% ","",""
"第2个STS SPE(45M)","有效数据","AAL数量: 383287000字节, 比例: 16.51%","AAL2数量: 370230000字节, 比例: 96.59%","0000: 06C9; CID编号: 11","(2013-8-3)标准AAL2; CID承载业务G729","","数量：30004806字节, 比例：0.17% ","",""
"第2个STS SPE(45M)","有效数据","AAL数量: 383287000字节, 比例: 16.51%","AAL2数量: 370230000字节, 比例: 96.59%","0000: 8797; CID编号: 11","(2013-8-3)标准AAL2; CID承载业务G729","","数量：30118692字节, 比例：0.17% ","",""
"第2个STS SPE(45M)","有效数据","AAL数量: 383287000字节, 比例: 16.51%","AAL2数量: 370230000字节, 比例: 96.59%","0000: 879E; CID编号: 11","(2013-8-3)标准AAL2; CID承载业务G729","","数量：30004196字节, 比例：0.17% ","",""
"第2个STS SPE(45M)","有效数据","AAL数量: 383287000字节, 比例: 16.51%","AAL2数量: 370230000字节, 比例: 96.59%","0000: F306; CID编号: 11","(2013-8-3)标准AAL2; CID承载业务G729","","数量：30000852字节, 比例：0.17% ","",""
"第2个STS SPE(45M)","有效数据","AAL数量: 383287000字节, 比例: 16.51%","AAL2数量: 370230000字节, 比例: 96.59%","0000: 8799; CID编号: 11","(2013-8-3)标准AAL2; CID承载业务G729","","数量：30041814字节, 比例：0.17% ","",""
"第2个STS SPE(45M)","有效数据","AAL数量: 383287000字节, 比例: 16.51%","AAL2数量: 370230000字节, 比例: 96.59%","0000: 623A; CID编号: 11","(2013-8-3)标准AAL2; CID承载业务G729","","数量：30018572字节, 比例：0.17% ","",""
"第2个STS SPE(45M)","有效数据","AAL数量: 383287000字节, 比例: 16.51%","AAL2数量: 370230000字节, 比例: 96.59%","0000: 8794; CID编号: 11","(2013-8-3)标准AAL2; CID承载业务G729","","数量：30047902字节, 比例：0.17% ","",""
"第2个STS SPE(45M)","有效数据","AAL数量: 383287000字节, 比例: 16.51%","AAL2数量: 370230000字节, 比例: 96.59%","0000: CAFE; CID编号: 11","(2013-8-3)标准AAL2; CID承载业务G729","","数量：29999546字节, 比例：0.17% ","",""
"第2个STS SPE(45M)","有效数据","AAL数量: 383287000字节, 比例: 16.51%","AAL2数量: 370230000字节, 比例: 96.59%","0000: CB15; CID编号: 11","(2013-8-3)标准AAL2; CID承载业务G711 PCM U律","","数量：190326724字节, 比例：1.07% ","",""
"第2个STS SPE(45M)","有效数据","AAL数量: 383287000字节, 比例: 16.51%","AAL2数量: 370230000字节, 比例: 96.59%","0000: 009B; CID编号: 11","(2013-8-3)标准AAL2; CID承载业务G729","","数量：29991974字节, 比例：0.17% ","",""
"第2个STS SPE(45M)","有效数据","AAL数量: 383287000字节, 比例: 16.51%","AAL2数量: 370230000字节, 比例: 96.59%","0000: 8798; CID编号: 11","(2013-8-3)标准AAL2; CID承载业务G729","","数量：30065410字节, 比例：0.17% ","",""
"第2个STS SPE(45M)","有效数据","AAL数量: 383287000字节, 比例: 16.51%","AAL2数量: 370230000字节, 比例: 96.59%","0000: 681F; CID编号: 11","(2013-8-3)标准AAL2; CID承载业务G729","","数量：30009262字节, 比例：0.17% ","",""
"第2个STS SPE(45M)","有效数据","AAL数量: 383287000字节, 比例: 16.51%","AAL2数量: 370230000字节, 比例: 96.59%","0000: 8792; CID编号: 11","(2013-8-3)标准AAL2; CID承载业务G729","","数量：30050070字节, 比例：0.17% ","",""
"第2个STS SPE(45M)","有效数据","AAL数量: 383287000字节, 比例: 16.51%","AAL2数量: 370230000字节, 比例: 96.59%","0000: 8795; CID编号: 11","(2013-8-3)标准AAL2; CID承载业务G729","","数量：30072738字节, 比例：0.17% ","",""
"第2个STS SPE(45M)","有效数据","AAL数量: 383287000字节, 比例: 16.51%","AAL2数量: 370230000字节, 比例: 96.59%","0000: 8796; CID编号: 11","(2013-8-3)标准AAL2; CID承载业务G729","","数量：30066976字节, 比例：0.17% ","",""
"第2个STS SPE(45M)","有效数据","AAL数量: 383287000字节, 比例: 16.51%","AAL2数量: 370230000字节, 比例: 96.59%","0000: 622E; CID编号: 11","(2013-8-3)标准AAL2; CID承载业务G729","","数量：30087654字节, 比例：0.17% ","",""
"第2个STS SPE(45M)","有效数据","AAL数量: 383287000字节, 比例: 16.51%","AAL2数量: 370230000字节, 比例: 96.59%","0000: 622E; CID编号: 12","(2013-8-3)标准AAL2; CID承载业务G729","","数量：30085740字节, 比例：0.17% ","",""
"第2个STS SPE(45M)","有效数据","AAL数量: 383287000字节, 比例: 16.51%","AAL2数量: 370230000字节, 比例: 96.59%","0000: 623C; CID编号: 11","(2013-8-3)标准AAL2; CID承载业务G711 PCM U律","","数量：191032364字节, 比例：1.07% ","",""
"第2个STS SPE(45M)","有效数据","AAL数量: 383287000字节, 比例: 16.51%","AAL2数量: 370230000字节, 比例: 96.59%","0000: 623C; CID编号: 12","(2013-8-3)标准AAL2; CID承载业务G711 PCM U律","","数量：191130476字节, 比例：1.08% ","",""
"第2个STS SPE(45M)","有效数据","AAL数量: 383287000字节, 比例: 16.51%","AAL2数量: 370230000字节, 比例: 96.59%","0000: 623C; CID编号: 13","(2013-8-3)标准AAL2; CID承载业务G711 PCM U律","","数量：191136120字节, 比例：1.08% ","",""
"第2个STS SPE(45M)","有效数据","AAL数量: 383287000字节, 比例: 16.51%","AAL2数量: 370230000字节, 比例: 96.59%","0000: 623C; CID编号: 14","(2013-8-3)标准AAL2; CID承载业务G711 PCM U律","","数量：191128460字节, 比例：1.08% ","",""
"第2个STS SPE(45M)","有效数据","AAL数量: 383287000字节, 比例: 16.51%","AAL2数量: 370230000字节, 比例: 96.59%","0000: 623C; CID编号: 15","(2013-8-3)标准AAL2; CID承载业务G711 PCM U律","","数量：191153072字节, 比例：1.08% ","",""
"第2个STS SPE(45M)","有效数据","AAL数量: 383287000字节, 比例: 16.51%","AAL2数量: 370230000字节, 比例: 96.59%","0000: 623C; CID编号: 16","(2013-8-3)标准AAL2; CID承载业务G711 PCM U律","","数量：191213100字节, 比例：1.08% ","",""
"第2个STS SPE(45M)","有效数据","AAL数量: 383287000字节, 比例: 16.51%","AAL2数量: 370230000字节, 比例: 96.59%","0000: 623C; CID编号: 17","(2013-8-3)标准AAL2; CID承载业务G711 PCM U律","","数量：191035988字节, 比例：1.07% ","",""
"第2个STS SPE(45M)","有效数据","AAL数量: 383287000字节, 比例: 16.51%","AAL2数量: 370230000字节, 比例: 96.59%","0000: 623C; CID编号: 18","(2013-8-3)标准AAL2; CID承载业务G711 PCM U律","","数量：191203728字节, 比例：1.08% ","",""
"第2个STS SPE(45M)","有效数据","AAL数量: 383287000字节, 比例: 16.51%","AAL2数量: 370230000字节, 比例: 96.59%","0000: 623C; CID编号: 19","(2013-8-3)标准AAL2; CID承载业务G711 PCM U律","","数量：191192404字节, 比例：1.08% ","",""
"第2个STS SPE(45M)","有效数据","AAL数量: 383287000字节, 比例: 16.51%","AAL2数量: 370230000字节, 比例: 96.59%","0000: 623C; CID编号: 20","(2013-8-3)标准AAL2; CID承载业务G711 PCM U律","","数量：190915392字节, 比例：1.07% ","",""
"第2个STS SPE(45M)","有效数据","AAL数量: 383287000字节, 比例: 16.51%","AAL2数量: 370230000字节, 比例: 96.59%","0000: 623C; CID编号: 21","(2013-8-3)标准AAL2; CID承载业务G711 PCM U律","","数量：191231444字节, 比例：1.08% ","",""
"第2个STS SPE(45M)","有效数据","AAL数量: 383287000字节, 比例: 16.51%","AAL2数量: 370230000字节, 比例: 96.59%","0000: 623C; CID编号: 22","(2013-8-3)标准AAL2; CID承载业务G711 PCM U律","","数量：191164420字节, 比例：1.08% ","",""
"第2个STS SPE(45M)","有效数据","AAL数量: 383287000字节, 比例: 16.51%","AAL2数量: 370230000字节, 比例: 96.59%","0000: 623C; CID编号: 23","(2013-8-3)标准AAL2; CID承载业务G711 PCM U律","","数量：191206112字节, 比例：1.08% ","",""
"第2个STS SPE(45M)","有效数据","AAL数量: 383287000字节, 比例: 16.51%","AAL2数量: 370230000字节, 比例: 96.59%","0000: 623C; CID编号: 24","(2013-8-3)标准AAL2; CID承载业务G711 PCM U律","","数量：191161616字节, 比例：1.08% ","",""
"第2个STS SPE(45M)","有效数据","AAL数量: 383287000字节, 比例: 16.51%","AAL2数量: 370230000字节, 比例: 96.59%","0000: 623C; CID编号: 25","(2013-8-3)标准AAL2; CID承载业务G711 PCM U律","","数量：191163728字节, 比例：1.08% ","",""
"第2个STS SPE(45M)","有效数据","AAL数量: 383287000字节, 比例: 16.51%","AAL2数量: 370230000字节, 比例: 96.59%","0000: 623C; CID编号: 26","(2013-8-3)标准AAL2; CID承载业务G711 PCM U律","","数量：191208796字节, 比例：1.08% ","",""
"第2个STS SPE(45M)","有效数据","AAL数量: 383287000字节, 比例: 16.51%","AAL2数量: 370230000字节, 比例: 96.59%","0000: 623C; CID编号: 27","(2013-8-3)标准AAL2; CID承载业务G711 PCM U律","","数量：191249008字节, 比例：1.08% ","",""
"第2个STS SPE(45M)","有效数据","AAL数量: 383287000字节, 比例: 16.51%","AAL2数量: 370230000字节, 比例: 96.59%","0000: 623C; CID编号: 28","(2013-8-3)标准AAL2; CID承载业务G711 PCM U律","","数量：191322272字节, 比例：1.08% ","",""
"第2个STS SPE(45M)","有效数据","AAL数量: 383287000字节, 比例: 16.51%","AAL2数量: 370230000字节, 比例: 96.59%","0000: 623C; CID编号: 29","(2013-8-3)标准AAL2; CID承载业务G711 PCM U律","","数量：191228600字节, 比例：1.08% ","",""
"第2个STS SPE(45M)","有效数据","AAL数量: 383287000字节, 比例: 16.51%","AAL2数量: 370230000字节, 比例: 96.59%","0000: 623C; CID编号: 30","(2013-8-3)标准AAL2; CID承载业务G711 PCM U律","","数量：191288768字节, 比例：1.08% ","",""
"第2个STS SPE(45M)","有效数据","AAL数量: 383287000字节, 比例: 16.51%","AAL2数量: 370230000字节, 比例: 96.59%","0000: 623C; CID编号: 31","(2013-8-3)标准AAL2; CID承载业务G711 PCM U律","","数量：191266176字节, 比例：1.08% ","",""
"第2个STS SPE(45M)","有效数据","AAL数量: 383287000字节, 比例: 16.51%","AAL2数量: 370230000字节, 比例: 96.59%","0000: 623C; CID编号: 32","(2013-8-3)标准AAL2; CID承载业务G711 PCM U律","","数量：191025228字节, 比例：1.07% ","",""
"第2个STS SPE(45M)","有效数据","AAL数量: 383287000字节, 比例: 16.51%","AAL2数量: 370230000字节, 比例: 96.59%","0000: 623C; CID编号: 33","(2013-8-3)标准AAL2; CID承载业务G711 PCM U律","","数量：190957176字节, 比例：1.07% ","",""
"第2个STS SPE(45M)","有效数据","AAL数量: 383287000字节, 比例: 16.51%","AAL2数量: 370230000字节, 比例: 96.59%","0000: 623C; CID编号: 34","(2013-8-3)标准AAL2; CID承载业务G711 PCM U律","","数量：190945612字节, 比例：1.07% ","",""
"第2个STS SPE(45M)","有效数据","AAL数量: 383287000字节, 比例: 16.51%","AAL2数量: 370230000字节, 比例: 96.59%","0000: 93EC; CID编号: 11","(2013-8-3)标准AAL2; CID承载业务G711 PCM U律","","数量：191014632字节, 比例：1.07% ","",""
"第2个STS SPE(45M)","有效数据","AAL数量: 383287000字节, 比例: 16.51%","AAL2数量: 370230000字节, 比例: 96.59%","0000: 93EC; CID编号: 12","(2013-8-3)标准AAL2; CID承载业务G711 PCM U律","","数量：191107652字节, 比例：1.08% ","",""
"第2个STS SPE(45M)","有效数据","AAL数量: 383287000字节, 比例: 16.51%","AAL2数量: 370230000字节, 比例: 96.59%","0000: 93EC; CID编号: 13","(2013-8-3)标准AAL2; CID承载业务G711 PCM U律","","数量：191151476字节, 比例：1.08% ","",""
"第2个STS SPE(45M)","有效数据","AAL数量: 383287000字节, 比例: 16.51%","AAL2数量: 370230000字节, 比例: 96.59%","0000: 93EC; CID编号: 14","(2013-8-3)标准AAL2; CID承载业务G711 PCM U律","","数量：191147432字节, 比例：1.08% ","",""
"第2个STS SPE(45M)","有效数据","AAL数量: 383287000字节, 比例: 16.51%","AAL2数量: 370230000字节, 比例: 96.59%","0000: 93EC; CID编号: 15","(2013-8-3)标准AAL2; CID承载业务G711 PCM U律","","数量：191193840字节, 比例：1.08% ","",""
"第2个STS SPE(45M)","有效数据","AAL数量: 383287000字节, 比例: 16.51%","AAL2数量: 370230000字节, 比例: 96.59%","0000: 93EC; CID编号: 16","(2013-8-3)标准AAL2; CID承载业务G711 PCM U律","","数量：190964108字节, 比例：1.07% ","",""
"第2个STS SPE(45M)","有效数据","AAL数量: 383287000字节, 比例: 16.51%","AAL2数量: 370230000字节, 比例: 96.59%","0000: 93EC; CID编号: 17","(2013-8-3)标准AAL2; CID承载业务G711 PCM U律","","数量：191177320字节, 比例：1.08% ","",""
"第2个STS SPE(45M)","有效数据","AAL数量: 383287000字节, 比例: 16.51%","AAL2数量: 370230000字节, 比例: 96.59%","0000: 93EC; CID编号: 18","(2013-8-3)标准AAL2; CID承载业务G711 PCM U律","","数量：191212388字节, 比例：1.08% ","",""
"第2个STS SPE(45M)","有效数据","AAL数量: 383287000字节, 比例: 16.51%","AAL2数量: 370230000字节, 比例: 96.59%","0000: 93EC; CID编号: 19","(2013-8-3)标准AAL2; CID承载业务G711 PCM U律","","数量：191179060字节, 比例：1.08% ","",""
"第2个STS SPE(45M)","有效数据","AAL数量: 383287000字节, 比例: 16.51%","AAL2数量: 370230000字节, 比例: 96.59%","0000: 93EC; CID编号: 20","(2013-8-3)标准AAL2; CID承载业务G711 PCM U律","","数量：191127200字节, 比例：1.08% ","",""
"第2个STS SPE(45M)","有效数据","AAL数量: 383287000字节, 比例: 16.51%","AAL2数量: 370230000字节, 比例: 96.59%","0000: 93EC; CID编号: 21","(2013-8-3)标准AAL2; CID承载业务G711 PCM U律","","数量：190953096字节, 比例：1.07% ","",""
"第2个STS SPE(45M)","有效数据","AAL数量: 383287000字节, 比例: 16.51%","AAL2数量: 370230000字节, 比例: 96.59%","0000: 93EC; CID编号: 22","(2013-8-3)标准AAL2; CID承载业务G711 PCM U律","","数量：191222268字节, 比例：1.08% ","",""
"第2个STS SPE(45M)","有效数据","AAL数量: 383287000字节, 比例: 16.51%","AAL2数量: 370230000字节, 比例: 96.59%","0000: 93EC; CID编号: 23","(2013-8-3)标准AAL2; CID承载业务G711 PCM U律","","数量：191210168字节, 比例：1.08% ","",""
"第2个STS SPE(45M)","有效数据","AAL数量: 383287000字节, 比例: 16.51%","AAL2数量: 370230000字节, 比例: 96.59%","0000: 93EC; CID编号: 24","(2013-8-3)标准AAL2; CID承载业务G711 PCM U律","","数量：191192328字节, 比例：1.08% ","",""
"第2个STS SPE(45M)","有效数据","AAL数量: 383287000字节, 比例: 16.51%","AAL2数量: 370230000字节, 比例: 96.59%","0000: 93EC; CID编号: 25","(2013-8-3)标准AAL2; CID承载业务G711 PCM U律","","数量：191148312字节, 比例：1.08% ","",""
"第2个STS SPE(45M)","有效数据","AAL数量: 383287000字节, 比例: 16.51%","AAL2数量: 370230000字节, 比例: 96.59%","0000: 93EC; CID编号: 26","(2013-8-3)标准AAL2; CID承载业务G711 PCM U律","","数量：191168668字节, 比例：1.08% ","",""
"第2个STS SPE(45M)","有效数据","AAL数量: 383287000字节, 比例: 16.51%","AAL2数量: 370230000字节, 比例: 96.59%","0000: 93EC; CID编号: 27","(2013-8-3)标准AAL2; CID承载业务G711 PCM U律","","数量：191288820字节, 比例：1.08% ","",""
"第2个STS SPE(45M)","有效数据","AAL数量: 383287000字节, 比例: 16.51%","AAL2数量: 370230000字节, 比例: 96.59%","0000: 93EC; CID编号: 28","(2013-8-3)标准AAL2; CID承载业务G711 PCM U律","","数量：191263356字节, 比例：1.08% ","",""
"第2个STS SPE(45M)","有效数据","AAL数量: 383287000字节, 比例: 16.51%","AAL2数量: 370230000字节, 比例: 96.59%","0000: 93EC; CID编号: 29","(2013-8-3)标准AAL2; CID承载业务G711 PCM U律","","数量：191266728字节, 比例：1.08% ","",""
"第2个STS SPE(45M)","有效数据","AAL数量: 383287000字节, 比例: 16.51%","AAL2数量: 370230000字节, 比例: 96.59%","0000: 93EC; CID编号: 30","(2013-8-3)标准AAL2; CID承载业务G711 PCM U律","","数量：191207480字节, 比例：1.08% ","",""
"第2个STS SPE(45M)","有效数据","AAL数量: 383287000字节, 比例: 16.51%","AAL2数量: 370230000字节, 比例: 96.59%","0000: 93EC; CID编号: 31","(2013-8-3)标准AAL2; CID承载业务G711 PCM U律","","数量：191278504字节, 比例：1.08% ","",""
"第2个STS SPE(45M)","有效数据","AAL数量: 383287000字节, 比例: 16.51%","AAL2数量: 370230000字节, 比例: 96.59%","0000: 93EC; CID编号: 32","(2013-8-3)标准AAL2; CID承载业务G711 PCM U律","","数量：191089060字节, 比例：1.08% ","",""
"第2个STS SPE(45M)","有效数据","AAL数量: 383287000字节, 比例: 16.51%","AAL2数量: 370230000字节, 比例: 96.59%","0000: 93EC; CID编号: 33","(2013-8-3)标准AAL2; CID承载业务G711 PCM U律","","数量：190990072字节, 比例：1.07% ","",""
"第2个STS SPE(45M)","有效数据","AAL数量: 383287000字节, 比例: 16.51%","AAL2数量: 370230000字节, 比例: 96.59%","0000: 93EC; CID编号: 34","(2013-8-3)标准AAL2; CID承载业务G711 PCM U律","","数量：190946720字节, 比例：1.07% ","",""
"第2个STS SPE(45M)","有效数据","AAL数量: 383287000字节, 比例: 16.51%","AAL2数量: 370230000字节, 比例: 96.59%","0000: 009E; CID编号: 11","(2013-8-3)标准AAL2; CID承载业务G729","","数量：30002758字节, 比例：0.17% ","",""
"第2个STS SPE(45M)","有效数据","AAL数量: 383287000字节, 比例: 16.51%","AAL2数量: 370230000字节, 比例: 96.59%","0000: 0098; CID编号: 11","(2013-8-3)标准AAL2; CID承载业务G729","","数量：30008454字节, 比例：0.17% ","",""
"第2个STS SPE(45M)","有效数据","AAL数量: 383287000字节, 比例: 16.51%","AAL2数量: 370230000字节, 比例: 96.59%","0000: 169D; CID编号: 11","(2013-8-3)标准AAL2; CID承载业务G729","","数量：30003466字节, 比例：0.17% ","",""
"第2个STS SPE(45M)","有效数据","AAL数量: 383287000字节, 比例: 16.51%","AAL2数量: 370230000字节, 比例: 96.59%","0000: 0099; CID编号: 11","(2013-8-3)标准AAL2; CID承载业务G729","","数量：30064946字节, 比例：0.17% ","",""
"第2个STS SPE(45M)","有效数据","AAL数量: 383287000字节, 比例: 16.51%","AAL2数量: 370230000字节, 比例: 96.59%","0000: 00A2; CID编号: 11","(2013-8-3)标准AAL2; CID承载业务G729","","数量：30003196字节, 比例：0.17% ","",""
"第2个STS SPE(45M)","有效数据","AAL数量: 383287000字节, 比例: 16.51%","AAL2数量: 370230000字节, 比例: 96.59%","0000: CAFC; CID编号: 11","(2013-8-3)标准AAL2; CID承载业务G711 PCM U律","","数量：191033132字节, 比例：1.07% ","",""
"第2个STS SPE(45M)","有效数据","AAL数量: 383287000字节, 比例: 16.51%","AAL2数量: 370230000字节, 比例: 96.59%","0000: CAFC; CID编号: 12","(2013-8-3)标准AAL2; CID承载业务G711 PCM U律","","数量：191116164字节, 比例：1.08% ","",""
"第2个STS SPE(45M)","有效数据","AAL数量: 383287000字节, 比例: 16.51%","AAL2数量: 370230000字节, 比例: 96.59%","0000: CAFC; CID编号: 13","(2013-8-3)标准AAL2; CID承载业务G711 PCM U律","","数量：191127208字节, 比例：1.08% ","",""
"第2个STS SPE(45M)","有效数据","AAL数量: 383287000字节, 比例: 16.51%","AAL2数量: 370230000字节, 比例: 96.59%","0000: CAFC; CID编号: 14","(2013-8-3)标准AAL2; CID承载业务G711 PCM U律","","数量：191120608字节, 比例：1.08% ","",""
"第2个STS SPE(45M)","有效数据","AAL数量: 383287000字节, 比例: 16.51%","AAL2数量: 370230000字节, 比例: 96.59%","0000: CAFC; CID编号: 15","(2013-8-3)标准AAL2; CID承载业务G711 PCM U律","","数量：191131612字节, 比例：1.08% ","",""
"第2个STS SPE(45M)","有效数据","AAL数量: 383287000字节, 比例: 16.51%","AAL2数量: 370230000字节, 比例: 96.59%","0000: CAFC; CID编号: 16","(2013-8-3)标准AAL2; CID承载业务G711 PCM U律","","数量：191177164字节, 比例：1.08% ","",""
"第2个STS SPE(45M)","有效数据","AAL数量: 383287000字节, 比例: 16.51%","AAL2数量: 370230000字节, 比例: 96.59%","0000: CAFC; CID编号: 17","(2013-8-3)标准AAL2; CID承载业务G711 PCM U律","","数量：191227156字节, 比例：1.08% ","",""
"第2个STS SPE(45M)","有效数据","AAL数量: 383287000字节, 比例: 16.51%","AAL2数量: 370230000字节, 比例: 96.59%","0000: CAFC; CID编号: 18","(2013-8-3)标准AAL2; CID承载业务G711 PCM U律","","数量：191194736字节, 比例：1.08% ","",""
"第2个STS SPE(45M)","有效数据","AAL数量: 383287000字节, 比例: 16.51%","AAL2数量: 370230000字节, 比例: 96.59%","0000: CAFC; CID编号: 19","(2013-8-3)标准AAL2; CID承载业务G711 PCM U律","","数量：191175372字节, 比例：1.08% ","",""
"第2个STS SPE(45M)","有效数据","AAL数量: 383287000字节, 比例: 16.51%","AAL2数量: 370230000字节, 比例: 96.59%","0000: CAFC; CID编号: 20","(2013-8-3)标准AAL2; CID承载业务G711 PCM U律","","数量：191114224字节, 比例：1.08% ","",""
"第2个STS SPE(45M)","有效数据","AAL数量: 383287000字节, 比例: 16.51%","AAL2数量: 370230000字节, 比例: 96.59%","0000: CAFC; CID编号: 21","(2013-8-3)标准AAL2; CID承载业务G711 PCM U律","","数量：191205640字节, 比例：1.08% ","",""
"第2个STS SPE(45M)","有效数据","AAL数量: 383287000字节, 比例: 16.51%","AAL2数量: 370230000字节, 比例: 96.59%","0000: CAFC; CID编号: 22","(2013-8-3)标准AAL2; CID承载业务G711 PCM U律","","数量：191222524字节, 比例：1.08% ","",""
"第2个STS SPE(45M)","有效数据","AAL数量: 383287000字节, 比例: 16.51%","AAL2数量: 370230000字节, 比例: 96.59%","0000: CAFC; CID编号: 23","(2013-8-3)标准AAL2; CID承载业务G711 PCM U律","","数量：191220420字节, 比例：1.08% ","",""
"第2个STS SPE(45M)","有效数据","AAL数量: 383287000字节, 比例: 16.51%","AAL2数量: 370230000字节, 比例: 96.59%","0000: CAFC; CID编号: 24","(2013-8-3)标准AAL2; CID承载业务G711 PCM U律","","数量：191153248字节, 比例：1.08% ","",""
"第2个STS SPE(45M)","有效数据","AAL数量: 383287000字节, 比例: 16.51%","AAL2数量: 370230000字节, 比例: 96.59%","0000: CAFC; CID编号: 25","(2013-8-3)标准AAL2; CID承载业务G711 PCM U律","","数量：191134032字节, 比例：1.08% ","",""
"第2个STS SPE(45M)","有效数据","AAL数量: 383287000字节, 比例: 16.51%","AAL2数量: 370230000字节, 比例: 96.59%","0000: CAFC; CID编号: 26","(2013-8-3)标准AAL2; CID承载业务G711 PCM U律","","数量：191194152字节, 比例：1.08% ","",""
"第2个STS SPE(45M)","有效数据","AAL数量: 383287000字节, 比例: 16.51%","AAL2数量: 370230000字节, 比例: 96.59%","0000: CAFC; CID编号: 27","(2013-8-3)标准AAL2; CID承载业务G711 PCM U律","","数量：191220712字节, 比例：1.08% ","",""
"第2个STS SPE(45M)","有效数据","AAL数量: 383287000字节, 比例: 16.51%","AAL2数量: 370230000字节, 比例: 96.59%","0000: CAFC; CID编号: 28","(2013-8-3)标准AAL2; CID承载业务G711 PCM U律","","数量：191295376字节, 比例：1.08% ","",""
"第2个STS SPE(45M)","有效数据","AAL数量: 383287000字节, 比例: 16.51%","AAL2数量: 370230000字节, 比例: 96.59%","0000: CAFC; CID编号: 29","(2013-8-3)标准AAL2; CID承载业务G711 PCM U律","","数量：191220260字节, 比例：1.08% ","",""
"第2个STS SPE(45M)","有效数据","AAL数量: 383287000字节, 比例: 16.51%","AAL2数量: 370230000字节, 比例: 96.59%","0000: CAFC; CID编号: 30","(2013-8-3)标准AAL2; CID承载业务G711 PCM U律","","数量：191292336字节, 比例：1.08% ","",""
"第2个STS SPE(45M)","有效数据","AAL数量: 383287000字节, 比例: 16.51%","AAL2数量: 370230000字节, 比例: 96.59%","0000: CAFC; CID编号: 31","(2013-8-3)标准AAL2; CID承载业务G711 PCM U律","","数量：191292760字节, 比例：1.08% ","",""
"第2个STS SPE(45M)","有效数据","AAL数量: 383287000字节, 比例: 16.51%","AAL2数量: 370230000字节, 比例: 96.59%","0000: CAFC; CID编号: 32","(2013-8-3)标准AAL2; CID承载业务G711 PCM U律","","数量：191075152字节, 比例：1.08% ","",""
"第2个STS SPE(45M)","有效数据","AAL数量: 383287000字节, 比例: 16.51%","AAL2数量: 370230000字节, 比例: 96.59%","0000: CAFC; CID编号: 33","(2013-8-3)标准AAL2; CID承载业务G711 PCM U律","","数量：190998088字节, 比例：1.07% ","",""
"第2个STS SPE(45M)","有效数据","AAL数量: 383287000字节, 比例: 16.51%","AAL2数量: 370230000字节, 比例: 96.59%","0000: CAFC; CID编号: 34","(2013-8-3)标准AAL2; CID承载业务G711 PCM U律","","数量：190919176字节, 比例：1.07% ","",""
"第2个STS SPE(45M)","有效数据","AAL数量: 383287000字节, 比例: 16.51%","AAL5数量: 13057000字节, 比例: 3.41%","0000: 004E","(2013-8-3)AAL5 IP",""," 数量：618695424字节, 比例：98.72%","",""
"第2个STS SPE(45M)","有效数据","AAL数量: 383287000字节, 比例: 16.51%","AAL5数量: 13057000字节, 比例: 3.41%","0000: 004F","(2013-8-3)TCP 数量：64718787字节, 比例：84.66%;  UDP 数量：2599559字节, 比例：3.40%; ICMP数量：1111711字节, 比例：1.45%; 其他数量：8015286字节, 比例：10.48%","TCP: 60117"," 数量：64718787字节, 比例：84.66%","TCP 源地址：10.54.128.206, 目的地址：10.65.129.9; ",""
"第2个STS SPE(45M)","有效数据","AAL数量: 383287000字节, 比例: 16.51%","AAL5数量: 13057000字节, 比例: 3.41%","0000: 004F","(2013-8-3)TCP 数量：64718787字节, 比例：84.66%;  UDP 数量：2599559字节, 比例：3.40%; ICMP数量：1111711字节, 比例：1.45%; 其他数量：8015286字节, 比例：10.48%"," UDP: 161"," 数量：2599559字节, 比例：3.40%","UDP 源地址：10.183.240.240, 目的地址：10.183.242.121; UDP 源地址：10.183.240.240, 目的地址：10.183.242.121; UDP 源地址：10.183.240.240, 目的地址：10.183.242.123; UDP 源地址：10.183.240.240, 目的地址：10.183.242.123; UDP 源地址：10.183.240.240, 目的地址：10.183.242.123; UDP 源地址：10.183.240.240, 目的地址：10.183.242.123; UDP 源地址：10.183.240.240, 目的地址：10.183.242.123; UDP 源地址：10.183.240.240, 目的地址：10.183.242.121; UDP 源地址：10.183.240.240, 目的地址：10.183.242.123; UDP 源地址：10.183.240.240, 目的地址：10.183.242.121; UDP 源地址：10.183.240.240, 目的地址：10.183.242.121; UDP 源地址：10.183.240.240, 目的地址：10.183.242.121; UDP 源地址：10.183.240.240, 目的地址：10.183.242.121; UDP 源地址：10.183.240.240, 目的地址：90.183.242.123; UDP 源地址：10.183.176.240, 目的地址：10.183.242.123; UDP 源地址：10.183.208.240, 目的地址：10.183.243.89; UDP 源地址：10.183.240.242, 目的地址：10.183.242.123; UDP 源地址：8.183.240.242, 目的地址：10.183.242.121; UDP 源地址：10.183.240.240, 目的地址：10.183.242.121; UDP 源地址：10.183.240.240, 目的地址：74.183.242.123; ",""
"第2个STS SPE(45M)","有效数据","AAL数量: 383287000字节, 比例: 16.51%","AAL5数量: 13057000字节, 比例: 3.41%","0000: 004F","(2013-8-3)TCP 数量：64718787字节, 比例：84.66%;  UDP 数量：2599559字节, 比例：3.40%; ICMP数量：1111711字节, 比例：1.45%; 其他数量：8015286字节, 比例：10.48%"," UDP: 51530"," 数量： 2599559字节, 比例：3.40%","UDP 源地址：10.54.128.206, 目的地址：10.65.128.15; ",""
"第2个STS SPE(45M)","有效数据","AAL数量: 383287000字节, 比例: 16.51%","AAL5数量: 13057000字节, 比例: 3.41%","0000: 004F","(2013-8-3)TCP 数量：64718787字节, 比例：84.66%;  UDP 数量：2599559字节, 比例：3.40%; ICMP数量：1111711字节, 比例：1.45%; 其他数量：8015286字节, 比例：10.48%"," UDP: 64336"," 数量： 2599559字节, 比例：3.40%","UDP 源地址：10.54.128.206, 目的地址：10.65.128.9; ",""
"第2个STS SPE(45M)","有效数据","AAL数量: 383287000字节, 比例: 16.51%","AAL5数量: 13057000字节, 比例: 3.41%","0000: 004F","(2013-8-3)TCP 数量：64718787字节, 比例：84.66%;  UDP 数量：2599559字节, 比例：3.40%; ICMP数量：1111711字节, 比例：1.45%; 其他数量：8015286字节, 比例：10.48%"," UDP: 50276"," 数量： 2599559字节, 比例：3.40%","UDP 源地址：10.54.128.206, 目的地址：10.65.128.21; ",""
"第2个STS SPE(45M)","有效数据","AAL数量: 383287000字节, 比例: 16.51%","AAL5数量: 13057000字节, 比例: 3.41%","0000: 004F","(2013-8-3)TCP 数量：64718787字节, 比例：84.66%;  UDP 数量：2599559字节, 比例：3.40%; ICMP数量：1111711字节, 比例：1.45%; 其他数量：8015286字节, 比例：10.48%"," UDP: 55622"," 数量： 2599559字节, 比例：3.40%","UDP 源地址：10.54.128.206, 目的地址：10.65.128.25; ",""
"第2个STS SPE(45M)","有效数据","AAL数量: 383287000字节, 比例: 16.51%","AAL5数量: 13057000字节, 比例: 3.41%","0000: 004F","(2013-8-3)TCP 数量：64718787字节, 比例：84.66%;  UDP 数量：2599559字节, 比例：3.40%; ICMP数量：1111711字节, 比例：1.45%; 其他数量：8015286字节, 比例：10.48%"," UDP: 56700"," 数量： 2599559字节, 比例：3.40%","UDP 源地址：10.54.128.206, 目的地址：10.65.128.31; ",""
"第2个STS SPE(45M)","有效数据","AAL数量: 383287000字节, 比例: 16.51%","AAL5数量: 13057000字节, 比例: 3.41%","0000: 004F","(2013-8-3)TCP 数量：64718787字节, 比例：84.66%;  UDP 数量：2599559字节, 比例：3.40%; ICMP数量：1111711字节, 比例：1.45%; 其他数量：8015286字节, 比例：10.48%"," UDP: 60744"," 数量： 2599559字节, 比例：3.40%","UDP 源地址：10.54.128.206, 目的地址：10.65.128.29; ",""
"第2个STS SPE(45M)","有效数据","AAL数量: 383287000字节, 比例: 16.51%","AAL5数量: 13057000字节, 比例: 3.41%","0000: 004F","(2013-8-3)TCP 数量：64718787字节, 比例：84.66%;  UDP 数量：2599559字节, 比例：3.40%; ICMP数量：1111711字节, 比例：1.45%; 其他数量：8015286字节, 比例：10.48%"," UDP: 54036"," 数量： 2599559字节, 比例：3.40%","UDP 源地址：10.54.128.206, 目的地址：10.65.128.7; ",""
"第2个STS SPE(45M)","有效数据","AAL数量: 383287000字节, 比例: 16.51%","AAL5数量: 13057000字节, 比例: 3.41%","0000: 004F","(2013-8-3)TCP 数量：64718787字节, 比例：84.66%;  UDP 数量：2599559字节, 比例：3.40%; ICMP数量：1111711字节, 比例：1.45%; 其他数量：8015286字节, 比例：10.48%"," UDP: 1221"," 数量： 2599559字节, 比例：3.40%","UDP 源地址：10.54.128.206, 目的地址：10.65.128.9; ",""
"第2个STS SPE(45M)","有效数据","AAL数量: 383287000字节, 比例: 16.51%","AAL5数量: 13057000字节, 比例: 3.41%","0000: 004F","(2013-8-3)TCP 数量：64718787字节, 比例：84.66%;  UDP 数量：2599559字节, 比例：3.40%; ICMP数量：1111711字节, 比例：1.45%; 其他数量：8015286字节, 比例：10.48%"," UDP: 1775"," 数量： 2599559字节, 比例：3.40%","UDP 源地址：10.54.128.206, 目的地址：10.65.128.31; ",""
"第2个STS SPE(45M)","有效数据","AAL数量: 383287000字节, 比例: 16.51%","AAL5数量: 13057000字节, 比例: 3.41%","0000: 004F","(2013-8-3)TCP 数量：64718787字节, 比例：84.66%;  UDP 数量：2599559字节, 比例：3.40%; ICMP数量：1111711字节, 比例：1.45%; 其他数量：8015286字节, 比例：10.48%"," UDP: 1056"," 数量： 2599559字节, 比例：3.40%","UDP 源地址：10.54.128.206, 目的地址：10.65.128.21; ",""
"第2个STS SPE(45M)","有效数据","AAL数量: 383287000字节, 比例: 16.51%","AAL5数量: 13057000字节, 比例: 3.41%","0000: 004F","(2013-8-3)TCP 数量：64718787字节, 比例：84.66%;  UDP 数量：2599559字节, 比例：3.40%; ICMP数量：1111711字节, 比例：1.45%; 其他数量：8015286字节, 比例：10.48%"," UDP: 61376"," 数量： 2599559字节, 比例：3.40%","UDP 源地址：10.54.128.207, 目的地址：10.65.128.14; ",""
"第2个STS SPE(45M)","有效数据","AAL数量: 383287000字节, 比例: 16.51%","AAL5数量: 13057000字节, 比例: 3.41%","0000: 004F","(2013-8-3)TCP 数量：64718787字节, 比例：84.66%;  UDP 数量：2599559字节, 比例：3.40%; ICMP数量：1111711字节, 比例：1.45%; 其他数量：8015286字节, 比例：10.48%"," UDP: 1039"," 数量： 2599559字节, 比例：3.40%","UDP 源地址：10.54.128.207, 目的地址：10.65.128.14; ",""
"第2个STS SPE(45M)","有效数据","AAL数量: 383287000字节, 比例: 16.51%","AAL5数量: 13057000字节, 比例: 3.41%","0000: 004F","(2013-8-3)TCP 数量：64718787字节, 比例：84.66%;  UDP 数量：2599559字节, 比例：3.40%; ICMP数量：1111711字节, 比例：1.45%; 其他数量：8015286字节, 比例：10.48%"," UDP: 1028"," 数量： 2599559字节, 比例：3.40%","UDP 源地址：10.54.128.206, 目的地址：10.65.128.29; ",""
"第2个STS SPE(45M)","有效数据","AAL数量: 383287000字节, 比例: 16.51%","AAL5数量: 13057000字节, 比例: 3.41%","0000: 004F","(2013-8-3)TCP 数量：64718787字节, 比例：84.66%;  UDP 数量：2599559字节, 比例：3.40%; ICMP数量：1111711字节, 比例：1.45%; 其他数量：8015286字节, 比例：10.48%"," UDP: 1026"," 数量： 2599559字节, 比例：3.40%","UDP 源地址：10.54.128.206, 目的地址：10.65.128.29; ",""
"第2个STS SPE(45M)","有效数据","AAL数量: 383287000字节, 比例: 16.51%","AAL5数量: 13057000字节, 比例: 3.41%","0000: 004F","(2013-8-3)TCP 数量：64718787字节, 比例：84.66%;  UDP 数量：2599559字节, 比例：3.40%; ICMP数量：1111711字节, 比例：1.45%; 其他数量：8015286字节, 比例：10.48%"," UDP: 1111"," 数量： 2599559字节, 比例：3.40%","UDP 源地址：10.54.128.206, 目的地址：10.65.128.9; ",""
"第2个STS SPE(45M)","有效数据","AAL数量: 383287000字节, 比例: 16.51%","AAL5数量: 13057000字节, 比例: 3.41%","0000: 004F","(2013-8-3)TCP 数量：64718787字节, 比例：84.66%;  UDP 数量：2599559字节, 比例：3.40%; ICMP数量：1111711字节, 比例：1.45%; 其他数量：8015286字节, 比例：10.48%"," UDP: 51421"," 数量： 2599559字节, 比例：3.40%","UDP 源地址：10.54.128.206, 目的地址：10.65.128.27; ",""
"第2个STS SPE(45M)","有效数据","AAL数量: 383287000字节, 比例: 16.51%","AAL5数量: 13057000字节, 比例: 3.41%","0000: 004F","(2013-8-3)TCP 数量：64718787字节, 比例：84.66%;  UDP 数量：2599559字节, 比例：3.40%; ICMP数量：1111711字节, 比例：1.45%; 其他数量：8015286字节, 比例：10.48%"," UDP: 1029"," 数量： 2599559字节, 比例：3.40%","UDP 源地址：10.54.128.206, 目的地址：10.65.128.15; ",""
"第2个STS SPE(45M)","有效数据","AAL数量: 383287000字节, 比例: 16.51%","AAL5数量: 13057000字节, 比例: 3.41%","0000: 004F","(2013-8-3)TCP 数量：64718787字节, 比例：84.66%;  UDP 数量：2599559字节, 比例：3.40%; ICMP数量：1111711字节, 比例：1.45%; 其他数量：8015286字节, 比例：10.48%"," UDP: 1423"," 数量： 2599559字节, 比例：3.40%","UDP 源地址：10.54.128.206, 目的地址：10.65.128.15; ",""
"第2个STS SPE(45M)","有效数据","AAL数量: 383287000字节, 比例: 16.51%","AAL5数量: 13057000字节, 比例: 3.41%","0000: 004F","(2013-8-3)TCP 数量：64718787字节, 比例：84.66%;  UDP 数量：2599559字节, 比例：3.40%; ICMP数量：1111711字节, 比例：1.45%; 其他数量：8015286字节, 比例：10.48%"," UDP: 1185"," 数量： 2599559字节, 比例：3.40%","UDP 源地址：10.54.128.206, 目的地址：10.65.128.31; ",""
"第2个STS SPE(45M)","有效数据","AAL数量: 383287000字节, 比例: 16.51%","AAL5数量: 13057000字节, 比例: 3.41%","0000: 004F","(2013-8-3)TCP 数量：64718787字节, 比例：84.66%;  UDP 数量：2599559字节, 比例：3.40%; ICMP数量：1111711字节, 比例：1.45%; 其他数量：8015286字节, 比例：10.48%"," ICMP "," 数量： 1111711字节, 比例：1.45%","ICMP 源地址：10.17.51.197, 目的地址：10.4.26.2; ICMP 源地址：10.54.128.206, 目的地址：10.65.128.9; ICMP 源地址：10.54.128.206, 目的地址：10.65.128.31; ICMP 源地址：10.54.128.206, 目的地址：10.65.128.21; ICMP 源地址：10.54.128.206, 目的地址：10.65.128.15; ICMP 源地址：10.54.128.207, 目的地址：10.65.128.2; ICMP 源地址：10.54.128.207, 目的地址：10.65.128.4; ICMP 源地址：10.54.128.207, 目的地址：10.65.128.24; ICMP 源地址：10.54.128.207, 目的地址：10.65.128.14; ICMP 源地址：10.54.128.206, 目的地址：10.65.128.29; ICMP 源地址：8.183.240.240, 目的地址：10.183.242.121; ICMP 源地址：10.38.130.206, 目的地址：10.65.128.7; ICMP 源地址：10.17.35.197, 目的地址：14.4.26.0; ICMP 源地址：10.17.51.197, 目的地址：14.4.26.2; ICMP 源地址：10.54.128.206, 目的地址：10.65.128.27; ICMP 源地址：8.54.128.206, 目的地址：10.65.128.15; ICMP 源地址：6.183.240.240, 目的地址：10.182.114.121; ICMP 源地址：2.183.240.240, 目的地址：10.182.255.33; ICMP 源地址：8.183.240.224, 目的地址：10.183.178.251; ICMP 源地址：2.179.240.240, 目的地址：138.182.242.123; ",""
"第2个STS SPE(45M)","有效数据","AAL数量: 383287000字节, 比例: 16.51%","AAL5数量: 13057000字节, 比例: 3.41%","0000: 004F","(2013-8-3)TCP 数量：64718787字节, 比例：84.66%;  UDP 数量：2599559字节, 比例：3.40%; ICMP数量：1111711字节, 比例：1.45%; 其他数量：8015286字节, 比例：10.48%","OSPFIGP "," 数量： 7934078字节, 比例：10.38%","OSPFIGP源地址：10.3.20.14, 目的地址：224.0.1.5; OSPFIGP源地址：10.11.4.14, 目的地址：224.0.0.7; OSPFIGP源地址：2.11.20.14, 目的地址：224.0.0.5; OSPFIGP源地址：10.9.20.14, 目的地址：224.0.0.69; OSPFIGP源地址：8.11.20.14, 目的地址：224.0.0.5; OSPFIGP源地址：2.11.20.14, 目的地址：224.1.0.5; OSPFIGP源地址：10.11.16.14, 目的地址：208.0.0.7; OSPFIGP源地址：10.11.16.14, 目的地址：224.0.0.5; OSPFIGP源地址：10.3.4.14, 目的地址：225.0.0.7; OSPFIGP源地址：10.11.20.6, 目的地址：224.0.0.5; OSPFIGP源地址：10.9.20.14, 目的地址：224.0.0.5; OSPFIGP源地址：10.3.20.14, 目的地址：224.0.0.1; OSPFIGP源地址：2.11.20.14, 目的地址：232.1.0.5; OSPFIGP源地址：10.10.20.14, 目的地址：224.0.0.37; OSPFIGP源地址：8.11.20.14, 目的地址：224.0.64.5; OSPFIGP源地址：10.10.20.14, 目的地址：232.65.0.5; OSPFIGP源地址：8.11.20.14, 目的地址：224.0.64.1; OSPFIGP源地址：8.11.20.14, 目的地址：224.128.0.5; OSPFIGP源地址：10.11.20.10, 目的地址：160.0.0.5; OSPFIGP源地址：10.3.20.14, 目的地址：224.0.0.5; ",""
"第2个STS SPE(45M)","有效数据","AAL数量: 383287000字节, 比例: 16.51%","AAL5数量: 13057000字节, 比例: 3.41%","0000: 004F","(2013-8-3)TCP 数量：64718787字节, 比例：84.66%;  UDP 数量：2599559字节, 比例：3.40%; ICMP数量：1111711字节, 比例：1.45%; 其他数量：8015286字节, 比例：10.48%","XNS-IDP "," 数量： 10615字节, 比例：0.01%","XNS-IDP源地址：10.54.130.206, 目的地址：154.65.128.15; XNS-IDP源地址：10.54.128.206, 目的地址：10.1.128.15; XNS-IDP源地址：10.54.128.206, 目的地址：10.65.128.31; XNS-IDP源地址：10.38.128.198, 目的地址：10.65.128.15; XNS-IDP源地址：10.54.128.206, 目的地址：10.65.128.143; XNS-IDP源地址：11.54.128.206, 目的地址：10.65.132.15; XNS-IDP源地址：10.54.130.206, 目的地址：10.65.128.15; XNS-IDP源地址：10.54.128.207, 目的地址：10.65.128.26; XNS-IDP源地址：10.54.130.207, 目的地址：10.65.128.26; XNS-IDP源地址：10.54.149.202, 目的地址：10.65.128.9; XNS-IDP源地址：10.54.151.202, 目的地址：10.65.128.21; XNS-IDP源地址：10.5.3.111, 目的地址：10.4.26.2; ",""
"第2个STS SPE(45M)","有效数据","AAL数量: 383287000字节, 比例: 16.51%","AAL5数量: 13057000字节, 比例: 3.41%","0000: 004F","(2013-8-3)TCP 数量：64718787字节, 比例：84.66%;  UDP 数量：2599559字节, 比例：3.40%; ICMP数量：1111711字节, 比例：1.45%; 其他数量：8015286字节, 比例：10.48%","EMCON "," 数量： 10051字节, 比例：0.01%","EMCON源地址：10.54.128.206, 目的地址：10.65.128.15; EMCON源地址：10.54.1.142, 目的地址：10.97.192.31; EMCON源地址：10.54.128.206, 目的地址：26.65.128.15; EMCON源地址：10.118.129.206, 目的地址：10.65.128.21; EMCON源地址：10.54.150.202, 目的地址：11.65.128.25; EMCON源地址：10.54.193.206, 目的地址：10.65.128.15; EMCON源地址：10.54.151.202, 目的地址：10.65.128.7; EMCON源地址：10.54.215.202, 目的地址：10.65.128.15; ",""
"第2个STS SPE(45M)","有效数据","AAL数量: 383287000字节, 比例: 16.51%","AAL5数量: 13057000字节, 比例: 3.41%","0000: 004F","(2013-8-3)TCP 数量：64718787字节, 比例：84.66%;  UDP 数量：2599559字节, 比例：3.40%; ICMP数量：1111711字节, 比例：1.45%; 其他数量：8015286字节, 比例：10.48%","IPinIP "," 数量： 9346字节, 比例：0.01%","IPinIP源地址：10.54.128.142, 目的地址：10.65.128.15; IPinIP源地址：10.54.128.142, 目的地址：10.65.129.15; IPinIP源地址：10.54.128.142, 目的地址：10.65.128.21; IPinIP源地址：10.54.128.222, 目的地址：10.65.128.25; IPinIP源地址：10.54.128.142, 目的地址：10.65.128.29; IPinIP源地址：10.183.240.80, 目的地址：10.183.255.33; IPinIP源地址：2.129.0.47, 目的地址：10.4.26.18; IPinIP源地址：10.54.151.202, 目的地址：10.65.128.21; IPinIP源地址：138.54.151.138, 目的地址：10.65.128.31; IPinIP源地址：10.54.150.202, 目的地址：10.67.128.31; IPinIP源地址：10.5.1.111, 目的地址：10.36.26.2; ",""
"第2个STS SPE(45M)","有效数据","AAL数量: 383287000字节, 比例: 16.51%","AAL5数量: 13057000字节, 比例: 3.41%","0000: 004F","(2013-8-3)TCP 数量：64718787字节, 比例：84.66%;  UDP 数量：2599559字节, 比例：3.40%; ICMP数量：1111711字节, 比例：1.45%; 其他数量：8015286字节, 比例：10.48%","IGMP "," 数量： 8895字节, 比例：0.01%","IGMP源地址：10.54.128.78, 目的地址：138.65.128.31; IGMP源地址：10.54.128.78, 目的地址：10.65.128.15; IGMP源地址：10.54.128.78, 目的地址：26.65.128.15; IGMP源地址：10.54.128.206, 目的地址：10.65.128.143; IGMP源地址：10.114.128.78, 目的地址：2.65.128.15; IGMP源地址：10.183.240.107, 目的地址：138.183.242.10; IGMP源地址：10.54.128.92, 目的地址：10.97.128.15; IGMP源地址：10.1.0.111, 目的地址：42.4.26.2; ",""
"第2个STS SPE(45M)","有效数据","AAL数量: 383287000字节, 比例: 16.51%","AAL5数量: 13057000字节, 比例: 3.41%","0000: 004F","(2013-8-3)TCP 数量：64718787字节, 比例：84.66%;  UDP 数量：2599559字节, 比例：3.40%; ICMP数量：1111711字节, 比例：1.45%; 其他数量：8015286字节, 比例：10.48%","VISA "," 数量： 7679字节, 比例：0.01%","VISA源地址：10.54.136.206, 目的地址：10.65.128.15; VISA源地址：10.54.136.206, 目的地址：10.65.144.15; VISA源地址：42.54.136.198, 目的地址：10.193.128.15; VISA源地址：10.55.136.206, 目的地址：10.64.128.15; VISA源地址：10.54.136.206, 目的地址：11.65.128.15; VISA源地址：10.54.159.202, 目的地址：10.65.128.31; ",""
"第2个STS SPE(45M)","有效数据","AAL数量: 383287000字节, 比例: 16.51%","AAL5数量: 13057000字节, 比例: 3.41%","0000: 004F","(2013-8-3)TCP 数量：64718787字节, 比例：84.66%;  UDP 数量：2599559字节, 比例：3.40%; ICMP数量：1111711字节, 比例：1.45%; 其他数量：8015286字节, 比例：10.48%","UCL "," 数量： 6624字节, 比例：0.01%","UCL源地址：10.54.128.238, 目的地址：10.65.128.15; UCL源地址：10.54.128.238, 目的地址：42.65.160.15; UCL源地址：10.54.151.202, 目的地址：10.65.128.15; UCL源地址：10.54.128.238, 目的地址：74.65.128.27; UCL源地址：10.54.128.206, 目的地址：10.65.128.27; UCL源地址：10.54.151.202, 目的地址：10.65.128.21; UCL源地址：10.1.0.111, 目的地址：10.4.26.0; ",""
"第2个STS SPE(45M)","有效数据","AAL数量: 383287000字节, 比例: 16.51%","AAL5数量: 13057000字节, 比例: 3.41%","0000: 004F","(2013-8-3)TCP 数量：64718787字节, 比例：84.66%;  UDP 数量：2599559字节, 比例：3.40%; ICMP数量：1111711字节, 比例：1.45%; 其他数量：8015286字节, 比例：10.48%","Reserved "," 数量： 3628字节, 比例：0.00%","Reserved源地址：10.54.144.206, 目的地址：10.65.160.15; Reserved源地址：10.54.128.207, 目的地址：10.65.128.26; Reserved源地址：10.62.151.202, 目的地址：10.65.129.25; Reserved源地址：10.54.151.202, 目的地址：10.65.128.25; Reserved源地址：10.54.135.202, 目的地址：10.65.128.15; Reserved源地址：10.54.135.202, 目的地址：10.65.128.29; Reserved源地址：10.1.0.111, 目的地址：10.4.26.130; Reserved源地址：10.183.224.235, 目的地址：10.183.242.10; ",""
"第2个STS SPE(45M)","有效数据","AAL数量: 383287000字节, 比例: 16.51%","AAL5数量: 13057000字节, 比例: 3.41%","0000: 004F","(2013-8-3)TCP 数量：64718787字节, 比例：84.66%;  UDP 数量：2599559字节, 比例：3.40%; ICMP数量：1111711字节, 比例：1.45%; 其他数量：8015286字节, 比例：10.48%","IGRP "," 数量： 2804字节, 比例：0.00%","IGRP源地址：10.11.20.46, 目的地址：224.0.0.5; IGRP源地址：10.47.20.14, 目的地址：224.0.0.5; IGRP源地址：10.11.116.46, 目的地址：96.0.0.9; ",""
"第2个STS SPE(45M)","有效数据","AAL数量: 383287000字节, 比例: 16.51%","AAL5数量: 13057000字节, 比例: 3.41%","0000: 004F","(2013-8-3)TCP 数量：64718787字节, 比例：84.66%;  UDP 数量：2599559字节, 比例：3.40%; ICMP数量：1111711字节, 比例：1.45%; 其他数量：8015286字节, 比例：10.48%","Reserved "," 数量： 2756字节, 比例：0.00%","Reserved源地址：10.11.4.14, 目的地址：224.0.0.5; Reserved源地址：10.11.20.14, 目的地址：224.0.0.5; ",""
"第2个STS SPE(45M)","有效数据","AAL数量: 383287000字节, 比例: 16.51%","AAL5数量: 13057000字节, 比例: 3.41%","0000: 004F","(2013-8-3)TCP 数量：64718787字节, 比例：84.66%;  UDP 数量：2599559字节, 比例：3.40%; ICMP数量：1111711字节, 比例：1.45%; 其他数量：8015286字节, 比例：10.48%","AX.25 "," 数量： 2352字节, 比例：0.00%","AX.25源地址：10.11.20.142, 目的地址：224.0.0.5; AX.25源地址：74.11.20.142, 目的地址：160.0.0.5; AX.25源地址：10.27.20.142, 目的地址：224.0.2.5; ",""
"第2个STS SPE(45M)","有效数据","AAL数量: 383287000字节, 比例: 16.51%","AAL5数量: 13057000字节, 比例: 3.41%","0000: 004F","(2013-8-3)TCP 数量：64718787字节, 比例：84.66%;  UDP 数量：2599559字节, 比例：3.40%; ICMP数量：1111711字节, 比例：1.45%; 其他数量：8015286字节, 比例：10.48%","LEAF-1 "," 数量： 2310字节, 比例：0.00%","LEAF-1源地址：138.235.28.78, 目的地址：224.0.56.5; LEAF-1源地址：10.9.20.14, 目的地址：224.0.0.69; LEAF-1源地址：74.11.28.14, 目的地址：224.8.0.5; LEAF-1源地址：10.11.28.14, 目的地址：224.0.0.5; LEAF-1源地址：10.183.240.240, 目的地址：10.183.242.121; LEAF-1源地址：10.54.128.206, 目的地址：10.65.128.15; LEAF-1源地址：10.54.129.206, 目的地址：10.65.128.21; ",""
"第2个STS SPE(45M)","有效数据","AAL数量: 383287000字节, 比例: 16.51%","AAL5数量: 13057000字节, 比例: 3.41%","0000: 004F","(2013-8-3)TCP 数量：64718787字节, 比例：84.66%;  UDP 数量：2599559字节, 比例：3.40%; ICMP数量：1111711字节, 比例：1.45%; 其他数量：8015286字节, 比例：10.48%","VMTP "," 数量： 2014字节, 比例：0.00%","VMTP源地址：10.11.20.14, 目的地址：224.0.0.5; VMTP源地址：10.54.168.206, 目的地址：10.65.128.25; VMTP源地址：10.11.21.14, 目的地址：224.0.0.5; VMTP源地址：26.183.176.240, 目的地址：11.181.242.123; VMTP源地址：10.54.136.206, 目的地址：10.65.128.21; ",""
"第2个STS SPE(45M)","有效数据","AAL数量: 383287000字节, 比例: 16.51%","AAL5数量: 13057000字节, 比例: 3.41%","0000: 004F","(2013-8-3)TCP 数量：64718787字节, 比例：84.66%;  UDP 数量：2599559字节, 比例：3.40%; ICMP数量：1111711字节, 比例：1.45%; 其他数量：8015286字节, 比例：10.48%","Reserved "," 数量： 1824字节, 比例：0.00%","Reserved源地址：10.54.144.206, 目的地址：10.65.128.15; Reserved源地址：10.54.130.202, 目的地址：10.65.128.15; ",""
"第2个STS SPE(45M)","有效数据","AAL数量: 383287000字节, 比例: 16.51%","AAL5数量: 13057000字节, 比例: 3.41%","0000: 004F","(2013-8-3)TCP 数量：64718787字节, 比例：84.66%;  UDP 数量：2599559字节, 比例：3.40%; ICMP数量：1111711字节, 比例：1.45%; 其他数量：8015286字节, 比例：10.48%","RSVP "," 数量： 1748字节, 比例：0.00%","RSVP源地址：10.54.133.206, 目的地址：10.65.128.15; ",""
"第2个STS SPE(45M)","有效数据","AAL数量: 383287000字节, 比例: 16.51%","AAL5数量: 13057000字节, 比例: 3.41%","0000: 004F","(2013-8-3)TCP 数量：64718787字节, 比例：84.66%;  UDP 数量：2599559字节, 比例：3.40%; ICMP数量：1111711字节, 比例：1.45%; 其他数量：8015286字节, 比例：10.48%","IDPR-CMTP "," 数量： 1463字节, 比例：0.00%","IDPR-CMTP源地址：10.54.128.206, 目的地址：10.65.128.27; IDPR-CMTP源地址：10.54.132.206, 目的地址：10.65.128.21; IDPR-CMTP源地址：74.183.242.100, 目的地址：10.183.242.59; IDPR-CMTP源地址：14.54.147.202, 目的地址：10.65.0.9; ",""
"第2个STS SPE(45M)","有效数据","AAL数量: 383287000字节, 比例: 16.51%","AAL5数量: 13057000字节, 比例: 3.41%","0000: 004F","(2013-8-3)TCP 数量：64718787字节, 比例：84.66%;  UDP 数量：2599559字节, 比例：3.40%; ICMP数量：1111711字节, 比例：1.45%; 其他数量：8015286字节, 比例：10.48%","CHAOS "," 数量： 1271字节, 比例：0.00%","CHAOS源地址：24.54.128.78, 目的地址：10.67.128.7; CHAOS源地址：10.183.240.208, 目的地址：10.183.242.123; CHAOS源地址：10.17.49.159, 目的地址：10.4.26.2; CHAOS源地址：8.54.128.142, 目的地址：10.65.192.27; ",""
"第2个STS SPE(45M)","有效数据","AAL数量: 383287000字节, 比例: 16.51%","AAL5数量: 13057000字节, 比例: 3.41%","0000: 004F","(2013-8-3)TCP 数量：64718787字节, 比例：84.66%;  UDP 数量：2599559字节, 比例：3.40%; ICMP数量：1111711字节, 比例：1.45%; 其他数量：8015286字节, 比例：10.48%","LARP "," 数量： 1220字节, 比例：0.00%","LARP源地址：10.11.20.78, 目的地址：224.0.0.5; ",""
"第2个STS SPE(45M)","有效数据","AAL数量: 383287000字节, 比例: 16.51%","AAL5数量: 13057000字节, 比例: 3.41%","0000: 004F","(2013-8-3)TCP 数量：64718787字节, 比例：84.66%;  UDP 数量：2599559字节, 比例：3.40%; ICMP数量：1111711字节, 比例：1.45%; 其他数量：8015286字节, 比例：10.48%","CPHB "," 数量： 1068字节, 比例：0.00%","CPHB源地址：10.11.22.14, 目的地址：224.0.0.5; CPHB源地址：10.11.20.14, 目的地址：224.0.0.5; ",""
"第2个STS SPE(45M)","有效数据","AAL数量: 383287000字节, 比例: 16.51%","AAL5数量: 13057000字节, 比例: 3.41%","0000: 004F","(2013-8-3)TCP 数量：64718787字节, 比例：84.66%;  UDP 数量：2599559字节, 比例：3.40%; ICMP数量：1111711字节, 比例：1.45%; 其他数量：8015286字节, 比例：10.48%","PRM "," 数量： 958字节, 比例：0.00%","PRM源地址：10.54.128.78, 目的地址：10.65.128.15; PRM源地址：10.183.240.244, 目的地址：10.183.242.123; PRM源地址：10.54.128.78, 目的地址：10.81.128.21; ",""
"第2个STS SPE(45M)","有效数据","AAL数量: 383287000字节, 比例: 16.51%","AAL5数量: 13057000字节, 比例: 3.41%","0000: 004F","(2013-8-3)TCP 数量：64718787字节, 比例：84.66%;  UDP 数量：2599559字节, 比例：3.40%; ICMP数量：1111711字节, 比例：1.45%; 其他数量：8015286字节, 比例：10.48%","Reserved "," 数量： 825字节, 比例：0.00%","Reserved源地址：10.11.20.14, 目的地址：224.0.0.5; Reserved源地址：10.11.16.14, 目的地址：224.0.0.5; ",""
"第2个STS SPE(45M)","有效数据","AAL数量: 383287000字节, 比例: 16.51%","AAL5数量: 13057000字节, 比例: 3.41%","0000: 004F","(2013-8-3)TCP 数量：64718787字节, 比例：84.66%;  UDP 数量：2599559字节, 比例：3.40%; ICMP数量：1111711字节, 比例：1.45%; 其他数量：8015286字节, 比例：10.48%","Reserved "," 数量： 753字节, 比例：0.00%","Reserved源地址：10.54.128.206, 目的地址：10.65.128.15; ",""
"第2个STS SPE(45M)","有效数据","AAL数量: 383287000字节, 比例: 16.51%","AAL5数量: 13057000字节, 比例: 3.41%","0000: 004F","(2013-8-3)TCP 数量：64718787字节, 比例：84.66%;  UDP 数量：2599559字节, 比例：3.40%; ICMP数量：1111711字节, 比例：1.45%; 其他数量：8015286字节, 比例：10.48%","Reserved "," 数量： 360字节, 比例：0.00%","Reserved源地址：14.118.144.206, 目的地址：10.65.8.15; ",""
"第2个STS SPE(45M)","有效数据","AAL数量: 383287000字节, 比例: 16.51%","AAL5数量: 13057000字节, 比例: 3.41%","0000: 004F","(2013-8-3)TCP 数量：64718787字节, 比例：84.66%;  UDP 数量：2599559字节, 比例：3.40%; ICMP数量：1111711字节, 比例：1.45%; 其他数量：8015286字节, 比例：10.48%","DCN_MEAS "," 数量： 324字节, 比例：0.00%","DCN_MEAS源地址：10.183.240.240, 目的地址：10.183.242.107; ",""
"第2个STS SPE(45M)","有效数据","AAL数量: 383287000字节, 比例: 16.51%","AAL5数量: 13057000字节, 比例: 3.41%","0000: 004F","(2013-8-3)TCP 数量：64718787字节, 比例：84.66%;  UDP 数量：2599559字节, 比例：3.40%; ICMP数量：1111711字节, 比例：1.45%; 其他数量：8015286字节, 比例：10.48%","Reserved "," 数量： 320字节, 比例：0.00%","Reserved源地址：10.11.4.78, 目的地址：224.0.0.5; ",""
"第2个STS SPE(45M)","有效数据","AAL数量: 383287000字节, 比例: 16.51%","AAL5数量: 13057000字节, 比例: 3.41%","0000: 004F","(2013-8-3)TCP 数量：25137725字节, 比例：74.15%;  UDP 数量：7479533字节, 比例：22.06%; ICMP数量：1214327字节, 比例：3.58%; 其他数量：68158字节, 比例：0.20%","EGP "," 数量： 288字节, 比例：0.00%","EGP源地址：10.183.240.244, 目的地址：10.183.242.110; ",""
"第2个STS SPE(45M)","空信元","空信元数量: 1934310286字节, 比例: 83.32%","","","","","","",""
"第2个STS SPE(45M)","无效数据","其他元数量: 3894463字节, 比例: 0.17%","","","","","","",""
